-- phpMyAdmin SQL Dump
-- version 5.1.0
-- https://www.phpmyadmin.net/
--
-- Máy chủ: 127.0.0.1
-- Thời gian đã tạo: Th1 20, 2022 lúc 07:18 PM
-- Phiên bản máy phục vụ: 10.4.18-MariaDB
-- Phiên bản PHP: 8.0.5

SET SQL_MODE = "NO_AUTO_VALUE_ON_ZERO";
START TRANSACTION;
SET time_zone = "+00:00";


/*!40101 SET @OLD_CHARACTER_SET_CLIENT=@@CHARACTER_SET_CLIENT */;
/*!40101 SET @OLD_CHARACTER_SET_RESULTS=@@CHARACTER_SET_RESULTS */;
/*!40101 SET @OLD_COLLATION_CONNECTION=@@COLLATION_CONNECTION */;
/*!40101 SET NAMES utf8mb4 */;

--
-- Cơ sở dữ liệu: `shop_pizza365`
--

-- --------------------------------------------------------

--
-- Cấu trúc bảng cho bảng `customers`
--

CREATE TABLE `customers` (
  `id` int(10) NOT NULL,
  `last_name` varchar(50) NOT NULL,
  `first_name` varchar(50) NOT NULL,
  `phone_number` varchar(50) NOT NULL,
  `address` varchar(255) DEFAULT NULL,
  `city` varchar(50) DEFAULT NULL,
  `state` varchar(50) DEFAULT NULL,
  `postal_code` varchar(50) DEFAULT NULL,
  `country` varchar(50) DEFAULT NULL,
  `sales_rep_employee_number` int(10) DEFAULT NULL,
  `credit_limit` int(10) DEFAULT NULL
) ENGINE=InnoDB DEFAULT CHARSET=utf8mb4 ROW_FORMAT=DYNAMIC;

--
-- Đang đổ dữ liệu cho bảng `customers`
--

INSERT INTO `customers` (`id`, `last_name`, `first_name`, `phone_number`, `address`, `city`, `state`, `postal_code`, `country`, `sales_rep_employee_number`, `credit_limit`) VALUES
(103, 'Schmitt', 'Carine', '40.32.2555', '54, rue Royale', 'Nantes', 'null', '44000', 'France', 1370, 21000),
(112, 'King', 'Jean', '7025551838', '8489 Strong St.', 'Las Vegas', 'NV', '83030', 'USA', 1166, 71800),
(114, 'Ferguson', 'Peter', '03 9520 4555', '636 St Kilda Road', 'Melbourne', 'Victoria', '3004', 'Australia', 1611, 117300),
(119, 'Labrune', 'Janine', '40.67.8555', '67, rue des Cinquante Otages', 'Nantes', 'null', '44000', 'France', 1370, 118200),
(121, 'Bergulfsen', 'Jonas', '07-98 9555', 'Erling Skakkes gate 78', 'Stavern', 'null', '4110', 'Norway', 1504, 81700),
(124, 'Nelson', 'Susan', '4155551450', '5677 Strong St.', 'San Rafael', 'CA', '97562', 'USA', 1165, 210500),
(125, 'Piestrzeniewicz', 'Zbyszek', '(26) 642-7555', 'ul. Filtrowa 68', 'Warszawa', 'null', '01-012', 'Poland', 0, 0),
(128, 'Keitel', 'Roland', '+49 69 66 90 2555', 'Lyonerstr. 34', 'Frankfurt', 'null', '60528', 'Germany', 1504, 59700),
(129, 'Murphy', 'Julie', '6505555787', '5557 North Pendale Street', 'San Francisco', 'CA', '94217', 'USA', 1165, 64600),
(131, 'Lee', 'Kwai', '2125557818', '897 Long Airport Avenue', 'NYC', 'NY', '10022', 'USA', 1323, 114900),
(141, 'Freyre', 'Diego', '(91) 555 94 44', 'C/ Moralzarzal, 86', 'Madrid', 'null', '28034', 'Spain', 1370, 227600),
(144, 'Berglund', 'Christina', '0921-12 3555', 'Berguvsvägen 8', 'Luleå', 'null', 'S-958 22', 'Sweden', 1504, 53100),
(145, 'Petersen', 'Jytte', '31 12 3555', 'Vinbæltet 34', 'Kobenhavn', 'null', '1734', 'Denmark', 1401, 83400),
(146, 'Saveley', 'Mary', '78.32.5555', '2, rue du Commerce', 'Lyon', 'null', '69004', 'France', 1337, 123900),
(148, 'Natividad', 'Eric', '+65 221 7555', 'Bronz Sok.', 'Singapore', 'null', '79903', 'Singapore', 1621, 103800),
(151, 'Young', 'Jeff', '2125557413', '4092 Furth Circle', 'NYC', 'NY', '10022', 'USA', 1286, 138500),
(157, 'Leong', 'Kelvin', '2155551555', '7586 Pompton St.', 'Allentown', 'PA', '70267', 'USA', 1216, 100600),
(161, 'Hashimoto', 'Juri', '6505556809', '9408 Furth Circle', 'Burlingame', 'CA', '94217', 'USA', 1165, 84600),
(166, 'Victorino', 'Wendy', '+65 224 1555', '106 Linden Road Sandown', 'Singapore', 'null', '69045', 'Singapore', 1612, 97900),
(167, 'Oeztan', 'Veysel', '+47 2267 3215', 'Brehmen St. 121', 'Bergen', 'null', 'N 5804', 'Norway', 1504, 96800),
(168, 'Franco', 'Keith', '2035557845', '149 Spinnaker Dr.', 'New Haven', 'CT', '97823', 'USA', 1286, 0),
(169, 'de Castro', 'Isabel', '(1) 356-5555', 'Estrada da saúde n. 58', 'Lisboa', 'null', '1756', 'Portugal', 0, 0),
(171, 'Rancé', 'Martine', '20.16.1555', '184, chaussée de Tournai', 'Lille', 'null', '59000', 'France', 1370, 82900),
(172, 'Bertrand', 'Marie', '(1) 42.34.2555', '265, boulevard Charonne', 'Paris', 'null', '75012', 'France', 1337, 84300),
(173, 'Tseng', 'Jerry', '6175555555', '4658 Baden Av.', 'Cambridge', 'MA', '51247', 'USA', 1188, 43400),
(175, 'King', 'Julie', '2035552570', '25593 South Bay Ln.', 'Bridgewater', 'CT', '97562', 'USA', 1323, 84300),
(177, 'Kentary', 'Mory', '+81 06 6342 5555', '1-6-20 Dojima', 'Kita-ku', 'Osaka', '530-0003', 'Japan', 1621, 81200),
(181, 'Frick', 'Michael', '2125551500', '2678 Kingston Rd.', 'NYC', 'NY', '10022', 'USA', 1286, 76400),
(186, 'Karttunen', 'Matti', '90-224 8555', 'Keskuskatu 45', 'Helsinki', 'null', '21240', 'Finland', 1501, 96500),
(187, 'Ashworth', 'Rachel', '(171) 555-1555', 'Fauntleroy Circus', 'Manchester', 'null', 'EC2 5NT', 'UK', 1501, 136800),
(189, 'Cassidy', 'Dean', '+353 1862 1555', '25 Maiden Lane', 'Dublin', 'null', '2', 'Ireland', 1504, 69400),
(198, 'Taylor', 'Leslie', '6175558428', '16780 Pompton St.', 'Brickhaven', 'MA', '58339', 'USA', 1216, 23000),
(201, 'Devon', 'Elizabeth', '(171) 555-2282', '12, Berkeley Gardens Blvd', 'Liverpool', 'null', 'WX1 6LT', 'UK', 1501, 92700),
(202, 'Tamuri', 'Yoshi', '(604) 555-3392', '1900 Oak St.', 'Vancouver', 'BC', 'V3F 2K1', 'Canada', 1323, 90300),
(204, 'Barajas', 'Miguel', '6175557555', '7635 Spinnaker Dr.', 'Brickhaven', 'MA', '58339', 'USA', 1188, 68700),
(205, 'Young', 'Julie', '6265557265', '78934 Hillside Dr.', 'Pasadena', 'CA', '90003', 'USA', 1166, 90700),
(206, 'Walker', 'Brydey', '+612 9411 1555', 'Suntec Tower Three', 'Singapore', 'null', '38988', 'Singapore', 0, 0),
(209, 'Citeaux', 'Frédérique', '88.60.1555', '24, place Kléber', 'Strasbourg', 'null', '67000', 'France', 1370, 53800),
(211, 'Gao', 'Mike', '+852 2251 1555', 'Bank of China Tower', 'Central Hong Kong', 'null', 'null', 'Hong Kong', 1621, 58600),
(216, 'Saavedra', 'Eduardo', '(93) 203 4555', 'Rambla de Cataluña, 23', 'Barcelona', 'null', '8022', 'Spain', 1702, 60300),
(219, 'Young', 'Mary', '3105552373', '4097 Douglas Av.', 'Glendale', 'CA', '92561', 'USA', 1166, 11000),
(223, 'Kloss', 'Horst', '0372-555188', 'Taucherstraße 10', 'Cunewalde', 'null', '1307', 'Germany', 0, 0),
(227, 'Ibsen', 'Palle', '86 21 3555', 'Smagsloget 45', 'Århus', 'null', '8200', 'Denmark', 1401, 120800),
(233, 'Fresnière', 'Jean', '(514) 555-8054', '43 rue St. Laurent', 'Montréal', 'Québec', 'H1J 1C3', 'Canada', 1286, 48700),
(237, 'Camino', 'Alejandra', '(91) 745 6555', 'Gran Vía, 1', 'Madrid', 'null', '28001', 'Spain', 0, 0),
(239, 'Thompson', 'Valarie', '7605558146', '361 Furth Circle', 'San Diego', 'CA', '91217', 'USA', 1166, 105000),
(240, 'Bennett', 'Helen', '(198) 555-8888', 'Garden House', 'Cowes', 'Isle of Wight', 'PO31 7PJ', 'UK', 1501, 93900),
(242, 'Roulet', 'Annette', '61.77.6555', '1 rue Alsace-Lorraine', 'Toulouse', 'null', '31000', 'France', 1370, 61100),
(247, 'Messner', 'Renate', '069-0555984', 'Magazinweg 7', 'Frankfurt', 'null', '60528', 'Germany', 0, 0),
(249, 'Accorti', 'Paolo', '011-4988555', 'Via Monte Bianco 34', 'Torino', 'null', '10100', 'Italy', 1401, 113000),
(250, 'Da Silva', 'Daniel', '+33 1 46 62 7555', '27 rue du Colonel Pierre Avia', 'Paris', 'null', '75508', 'France', 1337, 68100),
(256, 'Tonini', 'Daniel', '30.59.8555', '67, avenue de l\'Europe', 'Versailles', 'null', '78000', 'France', 1370, 77900),
(259, 'Pfalzheim', 'Henriette', '0221-5554327', 'Mehrheimerstr. 369', 'Köln', 'null', '50739', 'Germany', 1504, 120400),
(260, 'Lincoln', 'Elizabeth', '(604) 555-4555', '23 Tsawassen Blvd.', 'Tsawassen', 'BC', 'T2F 8M4', 'Canada', 1323, 89600),
(273, 'Franken', 'Peter', '089-0877555', 'Berliner Platz 43', 'München', 'null', '80805', 'Germany', 0, 0),
(276, 'O\'Hara', 'Anna', '02 9936 8555', '201 Miller Street', 'North Sydney', 'NSW', '2060', 'Australia', 1611, 107800),
(278, 'Rovelli', 'Giovanni', '035-640555', 'Via Ludovico il Moro 22', 'Bergamo', 'null', '24100', 'Italy', 1401, 119600),
(282, 'Huxley', 'Adrian', '+61 2 9495 8555', 'Monitor Money Building', 'Chatswood', 'NSW', '2067', 'Australia', 1611, 93300),
(286, 'Hernandez', 'Marta', '6175558555', '39323 Spinnaker Dr.', 'Cambridge', 'MA', '51247', 'USA', 1216, 123700),
(293, 'Harrison', 'Ed', '+41 26 425 50 01', 'Rte des Arsenaux 41', 'Fribourg', 'null', '1700', 'Switzerland', 0, 0),
(298, 'Holz', 'Mihael', '0897-034555', 'Grenzacherweg 237', 'Genève', 'null', '1203', 'Switzerland', 1702, 141300),
(299, 'Klaeboe', 'Jan', '+47 2212 1555', 'Drammensveien 126A', 'Oslo', 'null', 'N 0106', 'Norway', 1504, 95100),
(303, 'Schuyler', 'Bradley', '+31 20 491 9555', 'Kingsfordweg 151', 'Amsterdam', 'null', '1043 GR', 'Netherlands', 0, 0),
(307, 'Andersen', 'Mel', '030-0074555', 'Obere Str. 57', 'Berlin', 'null', '12209', 'Germany', 0, 0),
(311, 'Koskitalo', 'Pirkko', '981-443655', 'Torikatu 38', 'Oulu', 'null', '90110', 'Finland', 1501, 90500),
(314, 'Dewey', 'Catherine', '(02) 5554 67', 'Rue Joseph-Bens 532', 'Bruxelles', 'null', 'B-1180', 'Belgium', 1401, 79900),
(319, 'Frick', 'Steve', '9145554562', '3758 North Pendale Street', 'White Plains', 'NY', '24067', 'USA', 1323, 102700),
(320, 'Huang', 'Wing', '5085559555', '4575 Hillside Dr.', 'New Bedford', 'MA', '50553', 'USA', 1188, 94500),
(321, 'Brown', 'Julie', '6505551386', '7734 Strong St.', 'San Francisco', 'CA', '94217', 'USA', 1165, 105000),
(323, 'Graham', 'Mike', '+64 9 312 5555', '162-164 Grafton Road', 'Auckland', 'null', 'null', 'New Zealand', 1612, 88000),
(324, 'Brown', 'Ann', '(171) 555-0297', '35 King George', 'London', 'null', 'WX3 6FW', 'UK', 1501, 77000),
(328, 'Brown', 'William', '2015559350', '7476 Moss Rd.', 'Newark', 'NJ', '94019', 'USA', 1323, 43000),
(333, 'Calaghan', 'Ben', '61-7-3844-6555', '31 Duncan St. West End', 'South Brisbane', 'Queensland', '4101', 'Australia', 1611, 51600),
(334, 'Suominen', 'Kalle', '+358 9 8045 555', 'Software Engineering Center', 'Espoo', 'null', 'FIN-02271', 'Finland', 1501, 98800),
(335, 'Cramer', 'Philip', '0555-09555', 'Maubelstr. 90', 'Brandenburg', 'null', '14776', 'Germany', 0, 0),
(339, 'Cervantes', 'Francisca', '2155554695', '782 First Street', 'Philadelphia', 'PA', '71270', 'USA', 1188, 81100),
(344, 'Fernandez', 'Jesus', '+34 913 728 555', 'Merchants House', 'Madrid', 'null', '28023', 'Spain', 1702, 59600),
(347, 'Chandler', 'Brian', '2155554369', '6047 Douglas Av.', 'Los Angeles', 'CA', '91003', 'USA', 1166, 57700),
(348, 'McKenna', 'Patricia', '2967 555', '8 Johnstown Road', 'Cork', 'Co. Cork', 'null', 'Ireland', 0, 0),
(350, 'Lebihan', 'Laurence', '91.24.4555', '12, rue des Bouchers', 'Marseille', 'null', '13008', 'France', 1337, 65000),
(353, 'Henriot', 'Paul', '26.47.1555', '59 rue de l\'Abbaye', 'Reims', 'null', '51100', 'France', 1337, 81100),
(356, 'Kuger', 'Armand', '+27 21 550 3555', '1250 Pretorius Street', 'Hatfield', 'Pretoria', '28', 'South Africa', 0, 0),
(357, 'MacKinlay', 'Wales', '64-9-3763555', '199 Great North Road', 'Auckland', 'null', 'null', 'New Zealand', 1612, 77700),
(361, 'Josephs', 'Karin', '0251-555259', 'Luisenstr. 48', 'Münster', 'null', '44087', 'Germany', 0, 0),
(362, 'Yoshido', 'Juri', '6175559555', '8616 Spinnaker Dr.', 'Boston', 'MA', '51003', 'USA', 1216, 41900),
(363, 'Young', 'Dorothy', '6035558647', '2304 Long Airport Avenue', 'Nashua', 'NH', '62005', 'USA', 1216, 114200),
(369, 'Rodriguez', 'Lino', '(1) 354-2555', 'Jardim das rosas n. 32', 'Lisboa', 'null', '1675', 'Portugal', 0, 0),
(376, 'Urs', 'Braun', '0452-076555', 'Hauptstr. 29', 'Bern', 'null', '3012', 'Switzerland', 1702, 0),
(379, 'Nelson', 'Allen', '6175558555', '7825 Douglas Av.', 'Brickhaven', 'MA', '58339', 'USA', 1188, 70700),
(381, 'Cartrain', 'Pascale', '(071) 23 67 2555', 'Boulevard Tirou, 255', 'Charleroi', 'null', 'B-6000', 'Belgium', 1401, 23500),
(382, 'Pipps', 'Georg', '6562-9555', 'Geislweg 14', 'Salzburg', 'null', '5020', 'Austria', 1401, 71700),
(385, 'Cruz', 'Arnold', '+63 2 555 3587', '15 McCallum Street', 'Makati City', 'null', '1227 MM', 'Philippines', 1621, 81500),
(386, 'Moroni', 'Maurizio', '0522-556555', 'Strada Provinciale 124', 'Reggio Emilia', 'null', '42100', 'Italy', 1401, 121400),
(398, 'Shimamura', 'Akiko', '+81 3 3584 0555', '2-2-8 Roppongi', 'Minato-ku', 'Tokyo', '106-0032', 'Japan', 1621, 94400),
(406, 'Perrier', 'Dominique', '(1) 47.55.6555', '25, rue Lauriston', 'Paris', 'null', '75016', 'France', 1337, 95000),
(409, 'Müller', 'Rita', '0711-555361', 'Adenauerallee 900', 'Stuttgart', 'null', '70563', 'Germany', 0, 0),
(412, 'McRoy', 'Sarah', '04 499 9555', '101 Lambton Quay', 'Wellington', 'null', 'null', 'New Zealand', 1612, 86800),
(415, 'Donnermeyer', 'Michael', '+49 89 61 08 9555', 'Hansastr. 15', 'Munich', 'null', '80686', 'Germany', 1504, 77000),
(424, 'Hernandez', 'Maria', '2125558493', '5905 Pompton St.', 'NYC', 'NY', '10022', 'USA', 1286, 67500),
(443, 'Feuer', 'Alexander', '0342-555176', 'Heerstr. 22', 'Leipzig', 'null', '4179', 'Germany', 0, 0),
(447, 'Lewis', 'Dan', '2035554407', '2440 Pompton St.', 'Glendale', 'CT', '97561', 'USA', 1323, 49700),
(448, 'Larsson', 'Martha', '0695-34 6555', 'Åkergatan 24', 'Bräcke', 'null', 'S-844 67', 'Sweden', 1504, 116400),
(450, 'Frick', 'Sue', '4085553659', '3086 Ingle Ln.', 'San Jose', 'CA', '94217', 'USA', 1165, 77600),
(452, 'Mendel', 'Roland', '7675-3555', 'Kirchgasse 6', 'Graz', 'null', '8010', 'Austria', 1401, 45300),
(455, 'Murphy', 'Leslie', '2035559545', '567 North Pendale Street', 'New Haven', 'CT', '97823', 'USA', 1286, 95400),
(456, 'Choi', 'Yu', '2125551957', '5290 North Pendale Street', 'NYC', 'NY', '10022', 'USA', 1286, 39800),
(458, 'Sommer', 'Martín', '(91) 555 22 82', 'C/ Araquil, 67', 'Madrid', 'null', '28023', 'Spain', 1702, 104600),
(459, 'Ottlieb', 'Sven', '0241-039123', 'Walserweg 21', 'Aachen', 'null', '52066', 'Germany', 0, 0),
(462, 'Benitez', 'Violeta', '5085552555', '1785 First Street', 'New Bedford', 'MA', '50553', 'USA', 1216, 85800),
(465, 'Anton', 'Carmen', '+34 913 728555', 'c/ Gobelas, 19-1 Urb. La Florida', 'Madrid', 'null', '28023', 'Spain', 0, 0),
(471, 'Clenahan', 'Sean', '61-9-3844-6555', '7 Allen Street', 'Glen Waverly', 'Victoria', '3150', 'Australia', 1611, 60300),
(473, 'Ricotti', 'Franco', '+39 022515555', '20093 Cologno Monzese', 'Milan', 'null', 'null', 'Italy', 1401, 34800),
(475, 'Thompson', 'Steve', '3105553722', '3675 Furth Circle', 'Burbank', 'CA', '94019', 'USA', 1166, 55400),
(477, 'Moos', 'Hanna', '0621-08555', 'Forsterstr. 57', 'Mannheim', 'null', '68306', 'Germany', 0, 0),
(480, 'Semenov', 'Alexander', '+7 812 293 0521', '2 Pobedy Square', 'Saint Petersburg', 'null', '196143', 'Russia', 0, 0),
(481, 'Altagar,G M', 'Raanan', '+ 972 9 959 8555', '3 Hagalim Blv.', 'Herzlia', 'null', '47625', 'Israel', 0, 0),
(484, 'Roel', 'José Pedro', '(95) 555 82 82', 'C/ Romero, 33', 'Sevilla', 'null', '41101', 'Spain', 1702, 65700),
(486, 'Salazar', 'Rosa', '2155559857', '11328 Douglas Av.', 'Philadelphia', 'PA', '71270', 'USA', 1323, 72600),
(487, 'Taylor', 'Sue', '4155554312', '2793 Furth Circle', 'Brisbane', 'CA', '94217', 'USA', 1165, 60300),
(489, 'Smith', 'Thomas', '(171) 555-7555', '120 Hanover Sq.', 'London', 'null', 'WA1 1DP', 'UK', 1501, 43300),
(495, 'Franco', 'Valarie', '6175552555', '6251 Ingle Ln.', 'Boston', 'MA', '51003', 'USA', 1188, 85100),
(496, 'Snowden', 'Tony', '+64 9 5555500', 'Arenales 1938 3\'A\'', 'Auckland', 'null', 'null', 'New Zealand', 1612, 110000);

-- --------------------------------------------------------

--
-- Cấu trúc bảng cho bảng `employees`
--

CREATE TABLE `employees` (
  `id` int(10) NOT NULL,
  `last_name` varchar(50) NOT NULL,
  `first_name` varchar(50) NOT NULL,
  `extension` varchar(50) NOT NULL,
  `email` varchar(50) NOT NULL,
  `office_code` int(10) NOT NULL,
  `report_to` int(10) DEFAULT NULL,
  `job_title` varchar(50) NOT NULL
) ENGINE=InnoDB DEFAULT CHARSET=utf8mb4 ROW_FORMAT=DYNAMIC;

--
-- Đang đổ dữ liệu cho bảng `employees`
--

INSERT INTO `employees` (`id`, `last_name`, `first_name`, `extension`, `email`, `office_code`, `report_to`, `job_title`) VALUES
(1002, 'Murphy', 'Diane', 'x5800', 'dmurphy@classicmodelcars.com', 1, 0, 'President'),
(1056, 'Patterson', 'Mary', 'x4611', 'mpatterso@classicmodelcars.com', 1, 1002, 'VP Sales'),
(1076, 'Firrelli', 'Jeff', 'x9273', 'jfirrelli@classicmodelcars.com', 1, 1002, 'VP Marketing'),
(1088, 'Patterson', 'William', 'x4871', 'wpatterson@classicmodelcars.com', 6, 1056, 'Sales Manager (APAC)'),
(1102, 'Bondur', 'Gerard', 'x5408', 'gbondur@classicmodelcars.com', 4, 1056, 'Sale Manager (EMEA)'),
(1143, 'Bow', 'Anthony', 'x5428', 'abow@classicmodelcars.com', 1, 1056, 'Sales Manager (NA)'),
(1165, 'Jennings', 'Leslie', 'x3291', 'ljennings@classicmodelcars.com', 1, 1143, 'Sales Rep'),
(1166, 'Thompson', 'Leslie', 'x4065', 'lthompson@classicmodelcars.com', 1, 1143, 'Sales Rep'),
(1188, 'Firrelli', 'Julie', 'x2173', 'jfirrejulie@classicmodelcars.com', 2, 1143, 'Sales Rep'),
(1216, 'Patterson', 'Steve', 'x4334', 'spatterson@classicmodelcars.com', 2, 1143, 'Sales Rep'),
(1286, 'Tseng', 'Foon Yue', 'x2248', 'ftseng@classicmodelcars.com', 3, 1143, 'Sales Rep'),
(1323, 'Vanauf', 'George', 'x4102', 'gvanauf@classicmodelcars.com', 3, 1143, 'Sales Rep'),
(1337, 'Bondur', 'Loui', 'x6493', 'lbondur@classicmodelcars.com', 4, 1102, 'Sales Rep'),
(1370, 'Hernandez', 'Gerard', 'x2028', 'ghernande@classicmodelcars.com', 4, 1102, 'Sales Rep'),
(1401, 'Castillo', 'Pamela', 'x2759', 'pcastillo@classicmodelcars.com', 4, 1102, 'Sales Rep'),
(1501, 'Bott', 'Larry', 'x2311', 'lbott@classicmodelcars.com', 7, 1102, 'Sales Rep'),
(1504, 'Jones', 'Barry', 'x102', 'bjones@classicmodelcars.com', 7, 1102, 'Sales Rep'),
(1611, 'Fixter', 'Andy', 'x101', 'afixter@classicmodelcars.com', 6, 1088, 'Sales Rep'),
(1612, 'Marsh', 'Peter', 'x102', 'pmarsh@classicmodelcars.com', 6, 1088, 'Sales Rep'),
(1619, 'King', 'Tom', 'x103', 'tking@classicmodelcars.com', 6, 1088, 'Sales Rep'),
(1621, 'Nishi', 'Mami', 'x101', 'mnishi@classicmodelcars.com', 5, 1056, 'Sales Rep'),
(1625, 'Kato', 'Yoshimi', 'x102', 'ykato@classicmodelcars.com', 5, 1621, 'Sales Rep'),
(1702, 'Gerard', 'Martin', 'x2312', 'mgerard@classicmodelcars.com', 4, 1102, 'Sales Rep');

-- --------------------------------------------------------

--
-- Cấu trúc bảng cho bảng `hibernate_sequence`
--

CREATE TABLE `hibernate_sequence` (
  `next_val` bigint(20) DEFAULT NULL
) ENGINE=InnoDB DEFAULT CHARSET=utf8;

--
-- Đang đổ dữ liệu cho bảng `hibernate_sequence`
--

INSERT INTO `hibernate_sequence` (`next_val`) VALUES
(26);

-- --------------------------------------------------------

--
-- Cấu trúc bảng cho bảng `offices`
--

CREATE TABLE `offices` (
  `id` int(10) NOT NULL,
  `city` varchar(50) NOT NULL,
  `phone` varchar(50) NOT NULL,
  `address_line` varchar(255) NOT NULL,
  `state` varchar(50) DEFAULT NULL,
  `country` varchar(50) NOT NULL,
  `territory` varchar(50) DEFAULT NULL
) ENGINE=InnoDB DEFAULT CHARSET=utf8mb4 ROW_FORMAT=DYNAMIC;

--
-- Đang đổ dữ liệu cho bảng `offices`
--

INSERT INTO `offices` (`id`, `city`, `phone`, `address_line`, `state`, `country`, `territory`) VALUES
(1, 'San Francisco', '+1 650 219 4782', '100 Market Street', 'Suite 300', 'CA', 'USA'),
(2, 'Boston', '+1 215 837 0825', '1550 Court Place', 'Suite 102', 'MA', 'USA'),
(3, 'NYC', '+1 212 555 3000', '523 East 53rd Street', 'apt. 5A', 'NY', 'USA'),
(4, 'Paris', '+33 14 723 4404', '43 Rue Jouffroy D\'abbans', 'null', 'null', 'France'),
(5, 'Tokyo', '+81 33 224 5000', '4-1 Kioicho', 'null', 'Chiyoda-Ku', 'Japan'),
(6, 'Sydney', '+61 2 9264 2451', '5-11 Wentworth Avenue', 'Floor #2', 'null', 'Australia'),
(7, 'London', '+44 20 7877 2041', '25 Old Broad Street', 'Level 7', 'null', 'UK');

-- --------------------------------------------------------

--
-- Cấu trúc bảng cho bảng `orders`
--

CREATE TABLE `orders` (
  `id` int(10) NOT NULL,
  `order_date` datetime NOT NULL,
  `required_date` datetime NOT NULL,
  `shipped_date` datetime DEFAULT NULL,
  `status` varchar(50) DEFAULT NULL,
  `comments` varchar(255) DEFAULT NULL,
  `customer_id` int(10) NOT NULL
) ENGINE=InnoDB DEFAULT CHARSET=utf8mb4 ROW_FORMAT=DYNAMIC;

--
-- Đang đổ dữ liệu cho bảng `orders`
--

INSERT INTO `orders` (`id`, `order_date`, `required_date`, `shipped_date`, `status`, `comments`, `customer_id`) VALUES
(10100, '2003-01-06 00:00:00', '2003-01-13 00:00:00', NULL, 'Shipped', 'null', 363),
(10101, '2003-01-09 00:00:00', '2003-01-18 00:00:00', NULL, 'Shipped', 'Check on availability.', 128),
(10102, '2003-01-10 00:00:00', '2003-01-18 00:00:00', NULL, 'Shipped', 'null', 181),
(10103, '2003-01-29 00:00:00', '2003-02-07 00:00:00', NULL, 'Shipped', 'null', 121),
(10104, '2003-01-31 00:00:00', '2003-02-09 00:00:00', NULL, 'Shipped', 'null', 141),
(10105, '2003-02-11 00:00:00', '2003-02-21 00:00:00', NULL, 'Shipped', 'null', 145),
(10106, '2003-02-17 00:00:00', '2003-02-24 00:00:00', NULL, 'Shipped', 'null', 278),
(10107, '2003-02-24 00:00:00', '2003-03-03 00:00:00', NULL, 'Shipped', 'Difficult to negotiate with customer. We need more marketing materials', 131),
(10108, '2003-03-03 00:00:00', '2003-03-12 00:00:00', NULL, 'Shipped', 'null', 385),
(10109, '2003-03-10 00:00:00', '2003-03-19 00:00:00', NULL, 'Shipped', 'Customer requested that FedEx Ground is used for this shipping', 486),
(10110, '2003-03-18 00:00:00', '2003-03-24 00:00:00', NULL, 'Shipped', 'null', 187),
(10111, '2003-03-25 00:00:00', '2003-03-31 00:00:00', NULL, 'Shipped', 'null', 129),
(10112, '2003-03-24 00:00:00', '2003-04-03 00:00:00', NULL, 'Shipped', 'Customer requested that ad materials (such as posters, pamphlets) be included in the shippment', 144),
(10113, '2003-03-26 00:00:00', '2003-04-02 00:00:00', NULL, 'Shipped', 'null', 124),
(10114, '2003-04-01 00:00:00', '2003-04-07 00:00:00', NULL, 'Shipped', 'null', 172),
(10115, '2003-04-04 00:00:00', '2003-04-12 00:00:00', NULL, 'Shipped', 'null', 424),
(10116, '2003-04-11 00:00:00', '2003-04-19 00:00:00', NULL, 'Shipped', 'null', 381),
(10117, '2003-04-16 00:00:00', '2003-04-24 00:00:00', NULL, 'Shipped', 'null', 148),
(10118, '2003-04-21 00:00:00', '2003-04-29 00:00:00', NULL, 'Shipped', 'Customer has worked with some of our vendors in the past and is aware of their MSRP', 216),
(10119, '2003-04-28 00:00:00', '2003-05-05 00:00:00', NULL, 'Shipped', 'null', 382),
(10120, '2003-04-29 00:00:00', '2003-05-08 00:00:00', NULL, 'Shipped', 'null', 114),
(10121, '2003-05-07 00:00:00', '2003-05-13 00:00:00', NULL, 'Shipped', 'null', 353),
(10122, '2003-05-08 00:00:00', '2003-05-16 00:00:00', NULL, 'Shipped', 'null', 350),
(10123, '2003-05-20 00:00:00', '2003-05-29 00:00:00', NULL, 'Shipped', 'null', 103),
(10124, '2003-05-21 00:00:00', '2003-05-29 00:00:00', NULL, 'Shipped', 'Customer very concerned about the exact color of the models. There is high risk that he may dispute the order because there is a slight color mismatch', 112),
(10125, '2003-05-21 00:00:00', '2003-05-27 00:00:00', NULL, 'Shipped', 'null', 114),
(10126, '2003-05-28 00:00:00', '2003-06-07 00:00:00', NULL, 'Shipped', 'null', 458),
(10127, '2003-06-03 00:00:00', '2003-06-09 00:00:00', NULL, 'Shipped', 'Customer requested special shippment. The instructions were passed along to the warehouse', 151),
(10128, '2003-06-06 00:00:00', '2003-06-12 00:00:00', NULL, 'Shipped', 'null', 141),
(10129, '2003-06-12 00:00:00', '2003-06-18 00:00:00', NULL, 'Shipped', 'null', 324),
(10130, '2003-06-16 00:00:00', '2003-06-24 00:00:00', NULL, 'Shipped', 'null', 198),
(10131, '2003-06-16 00:00:00', '2003-06-25 00:00:00', NULL, 'Shipped', 'null', 447),
(10132, '2003-06-25 00:00:00', '2003-07-01 00:00:00', NULL, 'Shipped', 'null', 323),
(10133, '2003-06-27 00:00:00', '2003-07-04 00:00:00', NULL, 'Shipped', 'null', 141),
(10134, '2003-07-01 00:00:00', '2003-07-10 00:00:00', NULL, 'Shipped', 'null', 250),
(10135, '2003-07-02 00:00:00', '2003-07-12 00:00:00', NULL, 'Shipped', 'null', 124),
(10136, '2003-07-04 00:00:00', '2003-07-14 00:00:00', NULL, 'Shipped', 'Customer is interested in buying more Ferrari models', 242),
(10137, '2003-07-10 00:00:00', '2003-07-20 00:00:00', NULL, 'Shipped', 'null', 353),
(10138, '2003-07-07 00:00:00', '2003-07-16 00:00:00', NULL, 'Shipped', 'null', 496),
(10139, '2003-07-16 00:00:00', '2003-07-23 00:00:00', NULL, 'Shipped', 'null', 282),
(10140, '2003-07-24 00:00:00', '2003-08-02 00:00:00', NULL, 'Shipped', 'null', 161),
(10141, '2003-08-01 00:00:00', '2003-08-09 00:00:00', NULL, 'Shipped', 'null', 334),
(10142, '2003-08-08 00:00:00', '2003-08-16 00:00:00', NULL, 'Shipped', 'null', 124),
(10143, '2003-08-10 00:00:00', '2003-08-18 00:00:00', NULL, 'Shipped', 'Can we deliver the new Ford Mustang models by end-of-quarter?', 320),
(10144, '2003-08-13 00:00:00', '2003-08-21 00:00:00', NULL, 'Shipped', 'null', 381),
(10145, '2003-08-25 00:00:00', '2003-09-02 00:00:00', NULL, 'Shipped', 'null', 205),
(10146, '2003-09-03 00:00:00', '2003-09-13 00:00:00', NULL, 'Shipped', 'null', 447),
(10147, '2003-09-05 00:00:00', '2003-09-12 00:00:00', NULL, 'Shipped', 'null', 379),
(10148, '2003-09-11 00:00:00', '2003-09-21 00:00:00', NULL, 'Shipped', 'They want to reevaluate their terms agreement with Finance.', 276),
(10149, '2003-09-12 00:00:00', '2003-09-18 00:00:00', NULL, 'Shipped', 'null', 487),
(10150, '2003-09-19 00:00:00', '2003-09-27 00:00:00', NULL, 'Shipped', 'They want to reevaluate their terms agreement with Finance.', 148),
(10151, '2003-09-21 00:00:00', '2003-09-30 00:00:00', NULL, 'Shipped', 'null', 311),
(10152, '2003-09-25 00:00:00', '2003-10-03 00:00:00', NULL, 'Shipped', 'null', 333),
(10153, '2003-09-28 00:00:00', '2003-10-05 00:00:00', NULL, 'Shipped', 'null', 141),
(10154, '2003-10-02 00:00:00', '2003-10-12 00:00:00', NULL, 'Shipped', 'null', 219),
(10155, '2003-10-06 00:00:00', '2003-10-13 00:00:00', NULL, 'Shipped', 'null', 186),
(10156, '2003-10-08 00:00:00', '2003-10-17 00:00:00', NULL, 'Shipped', 'null', 141),
(10157, '2003-10-09 00:00:00', '2003-10-15 00:00:00', NULL, 'Shipped', 'null', 473),
(10158, '2003-10-10 00:00:00', '2003-10-18 00:00:00', NULL, 'Shipped', 'null', 121),
(10159, '2003-10-10 00:00:00', '2003-10-19 00:00:00', NULL, 'Shipped', 'null', 321),
(10160, '2003-10-11 00:00:00', '2003-10-17 00:00:00', NULL, 'Shipped', 'null', 347),
(10161, '2003-10-17 00:00:00', '2003-10-25 00:00:00', NULL, 'Shipped', 'null', 227),
(10162, '2003-10-18 00:00:00', '2003-10-26 00:00:00', NULL, 'Shipped', 'null', 321),
(10163, '2003-10-20 00:00:00', '2003-10-27 00:00:00', NULL, 'Shipped', 'null', 424),
(10164, '2003-10-21 00:00:00', '2003-10-30 00:00:00', NULL, 'Resolved', 'This order was disputed, but resolved on 11/1/2003; Customer doesn\'t like the colors and precision of the models.', 452),
(10165, '2003-10-22 00:00:00', '2003-10-31 00:00:00', NULL, 'Shipped', 'This order was on hold because customers\'s credit limit had been exceeded. Order will ship when payment is received', 148),
(10166, '2003-10-21 00:00:00', '2003-10-30 00:00:00', NULL, 'Shipped', 'null', 462),
(10167, '2003-10-23 00:00:00', '2003-10-30 00:00:00', NULL, 'Cancelled', 'Customer called to cancel. The warehouse was notified in time and the order didn\'t ship. They have a new VP of Sales and are shifting their sales model. Our VP of Sales should contact them.', 448),
(10168, '2003-10-28 00:00:00', '2003-11-03 00:00:00', NULL, 'Shipped', 'null', 161),
(10169, '2003-11-04 00:00:00', '2003-11-14 00:00:00', NULL, 'Shipped', 'null', 276),
(10170, '2003-11-04 00:00:00', '2003-11-12 00:00:00', NULL, 'Shipped', 'null', 452),
(10171, '2003-11-05 00:00:00', '2003-11-13 00:00:00', NULL, 'Shipped', 'null', 233),
(10172, '2003-11-05 00:00:00', '2003-11-14 00:00:00', NULL, 'Shipped', 'null', 175),
(10173, '2003-11-05 00:00:00', '2003-11-15 00:00:00', NULL, 'Shipped', 'Cautious optimism. We have happy customers here, if we can keep them well stocked. I need all the information I can get on the planned shippments of Porches', 278),
(10174, '2003-11-06 00:00:00', '2003-11-15 00:00:00', NULL, 'Shipped', 'null', 333),
(10175, '2003-11-06 00:00:00', '2003-11-14 00:00:00', NULL, 'Shipped', 'null', 324),
(10176, '2003-11-06 00:00:00', '2003-11-15 00:00:00', NULL, 'Shipped', 'null', 386),
(10177, '2003-11-07 00:00:00', '2003-11-17 00:00:00', NULL, 'Shipped', 'null', 344),
(10178, '2003-11-08 00:00:00', '2003-11-16 00:00:00', NULL, 'Shipped', 'Custom shipping instructions sent to warehouse', 242),
(10179, '2003-11-11 00:00:00', '2003-11-17 00:00:00', NULL, 'Cancelled', 'Customer cancelled due to urgent budgeting issues. Must be cautious when dealing with them in the future. Since order shipped already we must discuss who would cover the shipping charges.', 496),
(10180, '2003-11-11 00:00:00', '2003-11-19 00:00:00', NULL, 'Shipped', 'null', 171),
(10181, '2003-11-12 00:00:00', '2003-11-19 00:00:00', NULL, 'Shipped', 'null', 167),
(10182, '2003-11-12 00:00:00', '2003-11-21 00:00:00', NULL, 'Shipped', 'null', 124),
(10183, '2003-11-13 00:00:00', '2003-11-22 00:00:00', NULL, 'Shipped', 'We need to keep in close contact with their Marketing VP. He is the decision maker for all their purchases.', 339),
(10184, '2003-11-14 00:00:00', '2003-11-22 00:00:00', NULL, 'Shipped', 'null', 484),
(10185, '2003-11-14 00:00:00', '2003-11-21 00:00:00', NULL, 'Shipped', 'null', 320),
(10186, '2003-11-14 00:00:00', '2003-11-20 00:00:00', NULL, 'Shipped', 'They want to reevaluate their terms agreement with the VP of Sales', 489),
(10187, '2003-11-15 00:00:00', '2003-11-24 00:00:00', NULL, 'Shipped', 'null', 211),
(10188, '2003-11-18 00:00:00', '2003-11-26 00:00:00', NULL, 'Shipped', 'null', 167),
(10189, '2003-11-18 00:00:00', '2003-11-25 00:00:00', NULL, 'Shipped', 'They want to reevaluate their terms agreement with Finance.', 205),
(10190, '2003-11-19 00:00:00', '2003-11-29 00:00:00', NULL, 'Shipped', 'null', 141),
(10191, '2003-11-20 00:00:00', '2003-11-30 00:00:00', NULL, 'Shipped', 'We must be cautions with this customer. Their VP of Sales resigned. Company may be heading down.', 259),
(10192, '2003-11-20 00:00:00', '2003-11-29 00:00:00', NULL, 'Shipped', 'null', 363),
(10193, '2003-11-21 00:00:00', '2003-11-28 00:00:00', NULL, 'Shipped', 'null', 471),
(10194, '2003-11-25 00:00:00', '2003-12-02 00:00:00', NULL, 'Shipped', 'null', 146),
(10195, '2003-11-25 00:00:00', '2003-12-01 00:00:00', NULL, 'Shipped', 'null', 319),
(10196, '2003-11-26 00:00:00', '2003-12-03 00:00:00', NULL, 'Shipped', 'null', 455),
(10197, '2003-11-26 00:00:00', '2003-12-02 00:00:00', NULL, 'Shipped', 'Customer inquired about remote controlled models and gold models.', 216),
(10198, '2003-11-27 00:00:00', '2003-12-06 00:00:00', NULL, 'Shipped', 'null', 385),
(10199, '2003-12-01 00:00:00', '2003-12-10 00:00:00', NULL, 'Shipped', 'null', 475),
(10200, '2003-12-01 00:00:00', '2003-12-09 00:00:00', NULL, 'Shipped', 'null', 211),
(10201, '2003-12-01 00:00:00', '2003-12-11 00:00:00', NULL, 'Shipped', 'null', 129),
(10202, '2003-12-02 00:00:00', '2003-12-09 00:00:00', NULL, 'Shipped', 'null', 357),
(10203, '2003-12-02 00:00:00', '2003-12-11 00:00:00', NULL, 'Shipped', 'null', 141),
(10204, '2003-12-02 00:00:00', '2003-12-10 00:00:00', NULL, 'Shipped', 'null', 151),
(10205, '2003-12-03 00:00:00', '2003-12-09 00:00:00', NULL, 'Shipped', 'I need all the information I can get on our competitors.', 141),
(10206, '2003-12-05 00:00:00', '2003-12-13 00:00:00', NULL, 'Shipped', 'Can we renegotiate this one?', 202),
(10207, '2003-12-09 00:00:00', '2003-12-17 00:00:00', NULL, 'Shipped', 'Check on availability.', 495),
(10208, '2004-01-02 00:00:00', '2004-01-11 00:00:00', NULL, 'Shipped', 'null', 146),
(10209, '2004-01-09 00:00:00', '2004-01-15 00:00:00', NULL, 'Shipped', 'null', 347),
(10210, '2004-01-12 00:00:00', '2004-01-22 00:00:00', NULL, 'Shipped', 'null', 177),
(10211, '2004-01-15 00:00:00', '2004-01-25 00:00:00', NULL, 'Shipped', 'null', 406),
(10212, '2004-01-16 00:00:00', '2004-01-24 00:00:00', NULL, 'Shipped', 'null', 141),
(10213, '2004-01-22 00:00:00', '2004-01-28 00:00:00', NULL, 'Shipped', 'Difficult to negotiate with customer. We need more marketing materials', 489),
(10214, '2004-01-26 00:00:00', '2004-02-04 00:00:00', NULL, 'Shipped', 'null', 458),
(10215, '2004-01-29 00:00:00', '2004-02-08 00:00:00', NULL, 'Shipped', 'Customer requested that FedEx Ground is used for this shipping', 475),
(10216, '2004-02-02 00:00:00', '2004-02-10 00:00:00', NULL, 'Shipped', 'null', 256),
(10217, '2004-02-04 00:00:00', '2004-02-14 00:00:00', NULL, 'Shipped', 'null', 166),
(10218, '2004-02-09 00:00:00', '2004-02-16 00:00:00', NULL, 'Shipped', 'Customer requested that ad materials (such as posters, pamphlets) be included in the shippment', 473),
(10219, '2004-02-10 00:00:00', '2004-02-17 00:00:00', NULL, 'Shipped', 'null', 487),
(10220, '2004-02-12 00:00:00', '2004-02-19 00:00:00', NULL, 'Shipped', 'null', 189),
(10221, '2004-02-18 00:00:00', '2004-02-26 00:00:00', NULL, 'Shipped', 'null', 314),
(10222, '2004-02-19 00:00:00', '2004-02-27 00:00:00', NULL, 'Shipped', 'null', 239),
(10223, '2004-02-20 00:00:00', '2004-02-29 00:00:00', NULL, 'Shipped', 'null', 114),
(10224, '2004-02-21 00:00:00', '2004-03-02 00:00:00', NULL, 'Shipped', 'Customer has worked with some of our vendors in the past and is aware of their MSRP', 171),
(10225, '2004-02-22 00:00:00', '2004-03-01 00:00:00', NULL, 'Shipped', 'null', 298),
(10226, '2004-02-26 00:00:00', '2004-03-06 00:00:00', NULL, 'Shipped', 'null', 239),
(10227, '2004-03-02 00:00:00', '2004-03-12 00:00:00', NULL, 'Shipped', 'null', 146),
(10228, '2004-03-10 00:00:00', '2004-03-18 00:00:00', NULL, 'Shipped', 'null', 173),
(10229, '2004-03-11 00:00:00', '2004-03-20 00:00:00', NULL, 'Shipped', 'null', 124),
(10230, '2004-03-15 00:00:00', '2004-03-24 00:00:00', NULL, 'Shipped', 'Customer very concerned about the exact color of the models. There is high risk that he may dispute the order because there is a slight color mismatch', 128),
(10231, '2004-03-19 00:00:00', '2004-03-26 00:00:00', NULL, 'Shipped', 'null', 344),
(10232, '2004-03-20 00:00:00', '2004-03-30 00:00:00', NULL, 'Shipped', 'null', 240),
(10233, '2004-03-29 00:00:00', '2004-04-04 00:00:00', NULL, 'Shipped', 'Customer requested special shippment. The instructions were passed along to the warehouse', 328),
(10234, '2004-03-30 00:00:00', '2004-04-05 00:00:00', NULL, 'Shipped', 'null', 412),
(10235, '2004-04-02 00:00:00', '2004-04-12 00:00:00', NULL, 'Shipped', 'null', 260),
(10236, '2004-04-03 00:00:00', '2004-04-11 00:00:00', NULL, 'Shipped', 'null', 486),
(10237, '2004-04-05 00:00:00', '2004-04-12 00:00:00', NULL, 'Shipped', 'null', 181),
(10238, '2004-04-09 00:00:00', '2004-04-16 00:00:00', NULL, 'Shipped', 'null', 145),
(10239, '2004-04-12 00:00:00', '2004-04-21 00:00:00', NULL, 'Shipped', 'null', 311),
(10240, '2004-04-13 00:00:00', '2004-04-20 00:00:00', NULL, 'Shipped', 'null', 177),
(10241, '2004-04-13 00:00:00', '2004-04-20 00:00:00', NULL, 'Shipped', 'null', 209),
(10242, '2004-04-20 00:00:00', '2004-04-28 00:00:00', NULL, 'Shipped', 'Customer is interested in buying more Ferrari models', 456),
(10243, '2004-04-26 00:00:00', '2004-05-03 00:00:00', NULL, 'Shipped', 'null', 495),
(10244, '2004-04-29 00:00:00', '2004-05-09 00:00:00', NULL, 'Shipped', 'null', 141),
(10245, '2004-05-04 00:00:00', '2004-05-12 00:00:00', NULL, 'Shipped', 'null', 455),
(10246, '2004-05-05 00:00:00', '2004-05-13 00:00:00', NULL, 'Shipped', 'null', 141),
(10247, '2004-05-05 00:00:00', '2004-05-11 00:00:00', NULL, 'Shipped', 'null', 334),
(10248, '2004-05-07 00:00:00', '2004-05-14 00:00:00', NULL, 'Cancelled', 'Order was mistakenly placed. The warehouse noticed the lack of documentation.', 131),
(10249, '2004-05-08 00:00:00', '2004-05-17 00:00:00', NULL, 'Shipped', 'Can we deliver the new Ford Mustang models by end-of-quarter?', 173),
(10250, '2004-05-11 00:00:00', '2004-05-19 00:00:00', NULL, 'Shipped', 'null', 450),
(10251, '2004-05-18 00:00:00', '2004-05-24 00:00:00', NULL, 'Shipped', 'null', 328),
(10252, '2004-05-26 00:00:00', '2004-06-04 00:00:00', NULL, 'Shipped', 'null', 406),
(10253, '2004-06-01 00:00:00', '2004-06-09 00:00:00', NULL, 'Cancelled', 'Customer disputed the order and we agreed to cancel it. We must be more cautions with this customer going forward, since they are very hard to please. We must cover the shipping fees.', 201),
(10254, '2004-06-03 00:00:00', '2004-06-13 00:00:00', NULL, 'Shipped', 'Customer requested that DHL is used for this shipping', 323),
(10255, '2004-06-04 00:00:00', '2004-06-12 00:00:00', NULL, 'Shipped', 'null', 209),
(10256, '2004-06-08 00:00:00', '2004-06-16 00:00:00', NULL, 'Shipped', 'null', 145),
(10257, '2004-06-14 00:00:00', '2004-06-24 00:00:00', NULL, 'Shipped', 'null', 450),
(10258, '2004-06-15 00:00:00', '2004-06-25 00:00:00', NULL, 'Shipped', 'null', 398),
(10259, '2004-06-15 00:00:00', '2004-06-22 00:00:00', NULL, 'Shipped', 'null', 166),
(10260, '2004-06-16 00:00:00', '2004-06-22 00:00:00', NULL, 'Cancelled', 'Customer heard complaints from their customers and called to cancel this order. Will notify the Sales Manager.', 357),
(10261, '2004-06-17 00:00:00', '2004-06-25 00:00:00', NULL, 'Shipped', 'null', 233),
(10262, '2004-06-24 00:00:00', '2004-07-01 00:00:00', NULL, 'Cancelled', 'This customer found a better offer from one of our competitors. Will call back to renegotiate.', 141),
(10263, '2004-06-28 00:00:00', '2004-07-04 00:00:00', NULL, 'Shipped', 'null', 175),
(10264, '2004-06-30 00:00:00', '2004-07-06 00:00:00', NULL, 'Shipped', 'Customer will send a truck to our local warehouse on 7/1/2004', 362),
(10265, '2004-07-02 00:00:00', '2004-07-09 00:00:00', NULL, 'Shipped', 'null', 471),
(10266, '2004-07-06 00:00:00', '2004-07-14 00:00:00', NULL, 'Shipped', 'null', 386),
(10267, '2004-07-07 00:00:00', '2004-07-17 00:00:00', NULL, 'Shipped', 'null', 151),
(10268, '2004-07-12 00:00:00', '2004-07-18 00:00:00', NULL, 'Shipped', 'null', 412),
(10269, '2004-07-16 00:00:00', '2004-07-22 00:00:00', NULL, 'Shipped', 'null', 382),
(10270, '2004-07-19 00:00:00', '2004-07-27 00:00:00', NULL, 'Shipped', 'Can we renegotiate this one?', 282),
(10271, '2004-07-20 00:00:00', '2004-07-29 00:00:00', NULL, 'Shipped', 'null', 124),
(10272, '2004-07-20 00:00:00', '2004-07-26 00:00:00', NULL, 'Shipped', 'null', 157),
(10273, '2004-07-21 00:00:00', '2004-07-28 00:00:00', NULL, 'Shipped', 'null', 314),
(10274, '2004-07-21 00:00:00', '2004-07-29 00:00:00', NULL, 'Shipped', 'null', 379),
(10275, '2004-07-23 00:00:00', '2004-08-02 00:00:00', NULL, 'Shipped', 'null', 119),
(10276, '2004-08-02 00:00:00', '2004-08-11 00:00:00', NULL, 'Shipped', 'null', 204),
(10277, '2004-08-04 00:00:00', '2004-08-12 00:00:00', NULL, 'Shipped', 'null', 148),
(10278, '2004-08-06 00:00:00', '2004-08-16 00:00:00', NULL, 'Shipped', 'null', 112),
(10279, '2004-08-09 00:00:00', '2004-08-19 00:00:00', NULL, 'Shipped', 'Cautious optimism. We have happy customers here, if we can keep them well stocked. I need all the information I can get on the planned shippments of Porches', 141),
(10280, '2004-08-17 00:00:00', '2004-08-27 00:00:00', NULL, 'Shipped', 'null', 249),
(10281, '2004-08-19 00:00:00', '2004-08-28 00:00:00', NULL, 'Shipped', 'null', 157),
(10282, '2004-08-20 00:00:00', '2004-08-26 00:00:00', NULL, 'Shipped', 'null', 124),
(10283, '2004-08-20 00:00:00', '2004-08-30 00:00:00', NULL, 'Shipped', 'null', 260),
(10284, '2004-08-21 00:00:00', '2004-08-29 00:00:00', NULL, 'Shipped', 'Custom shipping instructions sent to warehouse', 299),
(10285, '2004-08-27 00:00:00', '2004-09-04 00:00:00', NULL, 'Shipped', 'null', 286),
(10286, '2004-08-28 00:00:00', '2004-09-06 00:00:00', NULL, 'Shipped', 'null', 172),
(10287, '2004-08-30 00:00:00', '2004-09-06 00:00:00', NULL, 'Shipped', 'null', 298),
(10288, '2004-09-01 00:00:00', '2004-09-11 00:00:00', NULL, 'Shipped', 'null', 166),
(10289, '2004-09-03 00:00:00', '2004-09-13 00:00:00', NULL, 'Shipped', 'We need to keep in close contact with their Marketing VP. He is the decision maker for all their purchases.', 167),
(10290, '2004-09-07 00:00:00', '2004-09-15 00:00:00', NULL, 'Shipped', 'null', 198),
(10291, '2004-09-08 00:00:00', '2004-09-17 00:00:00', NULL, 'Shipped', 'null', 448),
(10292, '2004-09-08 00:00:00', '2004-09-18 00:00:00', NULL, 'Shipped', 'They want to reevaluate their terms agreement with Finance.', 131),
(10293, '2004-09-09 00:00:00', '2004-09-18 00:00:00', NULL, 'Shipped', 'null', 249),
(10294, '2004-09-10 00:00:00', '2004-09-17 00:00:00', NULL, 'Shipped', 'null', 204),
(10295, '2004-09-10 00:00:00', '2004-09-17 00:00:00', NULL, 'Shipped', 'They want to reevaluate their terms agreement with Finance.', 362),
(10296, '2004-09-15 00:00:00', '2004-09-22 00:00:00', NULL, 'Shipped', 'null', 415),
(10297, '2004-09-16 00:00:00', '2004-09-22 00:00:00', NULL, 'Shipped', 'We must be cautions with this customer. Their VP of Sales resigned. Company may be heading down.', 189),
(10298, '2004-09-27 00:00:00', '2004-10-05 00:00:00', NULL, 'Shipped', 'null', 103),
(10299, '2004-09-30 00:00:00', '2004-10-10 00:00:00', NULL, 'Shipped', 'null', 186),
(10300, '2003-10-04 00:00:00', '2003-10-13 00:00:00', NULL, 'Shipped', 'null', 128),
(10301, '2003-10-05 00:00:00', '2003-10-15 00:00:00', NULL, 'Shipped', 'null', 299),
(10302, '2003-10-06 00:00:00', '2003-10-16 00:00:00', NULL, 'Shipped', 'null', 201),
(10303, '2004-10-06 00:00:00', '2004-10-14 00:00:00', NULL, 'Shipped', 'Customer inquired about remote controlled models and gold models.', 484),
(10304, '2004-10-11 00:00:00', '2004-10-20 00:00:00', NULL, 'Shipped', 'null', 256),
(10305, '2004-10-13 00:00:00', '2004-10-22 00:00:00', NULL, 'Shipped', 'Check on availability.', 286),
(10306, '2004-10-14 00:00:00', '2004-10-21 00:00:00', NULL, 'Shipped', 'null', 187),
(10307, '2004-10-14 00:00:00', '2004-10-23 00:00:00', NULL, 'Shipped', 'null', 339),
(10308, '2004-10-15 00:00:00', '2004-10-24 00:00:00', NULL, 'Shipped', 'Customer requested that FedEx Ground is used for this shipping', 319),
(10309, '2004-10-15 00:00:00', '2004-10-24 00:00:00', NULL, 'Shipped', 'null', 121),
(10310, '2004-10-16 00:00:00', '2004-10-24 00:00:00', NULL, 'Shipped', 'null', 259),
(10311, '2004-10-16 00:00:00', '2004-10-23 00:00:00', NULL, 'Shipped', 'Difficult to negotiate with customer. We need more marketing materials', 141),
(10312, '2004-10-21 00:00:00', '2004-10-27 00:00:00', NULL, 'Shipped', 'null', 124),
(10313, '2004-10-22 00:00:00', '2004-10-28 00:00:00', NULL, 'Shipped', 'Customer requested that FedEx Ground is used for this shipping', 202),
(10314, '2004-10-22 00:00:00', '2004-11-01 00:00:00', NULL, 'Shipped', 'null', 227),
(10315, '2004-10-29 00:00:00', '2004-11-08 00:00:00', NULL, 'Shipped', 'null', 119),
(10316, '2004-11-01 00:00:00', '2004-11-09 00:00:00', NULL, 'Shipped', 'Customer requested that ad materials (such as posters, pamphlets) be included in the shippment', 240),
(10317, '2004-11-02 00:00:00', '2004-11-12 00:00:00', NULL, 'Shipped', 'null', 161),
(10318, '2004-11-02 00:00:00', '2004-11-09 00:00:00', NULL, 'Shipped', 'null', 157),
(10319, '2004-11-03 00:00:00', '2004-11-11 00:00:00', NULL, 'Shipped', 'Customer requested that DHL is used for this shipping', 456),
(10320, '2004-11-03 00:00:00', '2004-11-13 00:00:00', NULL, 'Shipped', 'null', 144),
(10321, '2004-11-04 00:00:00', '2004-11-12 00:00:00', NULL, 'Shipped', 'null', 462),
(10322, '2004-11-04 00:00:00', '2004-11-12 00:00:00', NULL, 'Shipped', 'Customer has worked with some of our vendors in the past and is aware of their MSRP', 363),
(10323, '2004-11-05 00:00:00', '2004-11-12 00:00:00', NULL, 'Shipped', 'null', 128),
(10324, '2004-11-05 00:00:00', '2004-11-11 00:00:00', NULL, 'Shipped', 'null', 181),
(10325, '2004-11-05 00:00:00', '2004-11-13 00:00:00', NULL, 'Shipped', 'null', 121),
(10326, '2004-11-09 00:00:00', '2004-11-16 00:00:00', NULL, 'Shipped', 'null', 144),
(10327, '2004-11-10 00:00:00', '2004-11-19 00:00:00', NULL, 'Resolved', 'Order was disputed and resolved on 12/1/04. The Sales Manager was involved. Customer claims the scales of the models don\'t match what was discussed.', 145),
(10328, '2004-11-12 00:00:00', '2004-11-21 00:00:00', NULL, 'Shipped', 'Customer very concerned about the exact color of the models. There is high risk that he may dispute the order because there is a slight color mismatch', 278),
(10329, '2004-11-15 00:00:00', '2004-11-24 00:00:00', NULL, 'Shipped', 'null', 131),
(10330, '2004-11-16 00:00:00', '2004-11-25 00:00:00', NULL, 'Shipped', 'null', 385),
(10331, '2004-11-17 00:00:00', '2004-11-23 00:00:00', NULL, 'Shipped', 'Customer requested special shippment. The instructions were passed along to the warehouse', 486),
(10332, '2004-11-17 00:00:00', '2004-11-25 00:00:00', NULL, 'Shipped', 'null', 187),
(10333, '2004-11-18 00:00:00', '2004-11-27 00:00:00', NULL, 'Shipped', 'null', 129),
(10334, '2004-11-19 00:00:00', '2004-11-28 00:00:00', NULL, 'On Hold', 'The outstaniding balance for this customer exceeds their credit limit. Order will be shipped when a payment is received.', 144),
(10335, '2004-11-19 00:00:00', '2004-11-29 00:00:00', NULL, 'Shipped', 'null', 124),
(10336, '2004-11-20 00:00:00', '2004-11-26 00:00:00', NULL, 'Shipped', 'Customer requested that DHL is used for this shipping', 172),
(10337, '2004-11-21 00:00:00', '2004-11-30 00:00:00', NULL, 'Shipped', 'null', 424),
(10338, '2004-11-22 00:00:00', '2004-12-02 00:00:00', NULL, 'Shipped', 'null', 381),
(10339, '2004-11-23 00:00:00', '2004-11-30 00:00:00', NULL, 'Shipped', 'null', 398),
(10340, '2004-11-24 00:00:00', '2004-12-01 00:00:00', NULL, 'Shipped', 'Customer is interested in buying more Ferrari models', 216),
(10341, '2004-11-24 00:00:00', '2004-12-01 00:00:00', NULL, 'Shipped', 'null', 382),
(10342, '2004-11-24 00:00:00', '2004-12-01 00:00:00', NULL, 'Shipped', 'null', 114),
(10343, '2004-11-24 00:00:00', '2004-12-01 00:00:00', NULL, 'Shipped', 'null', 353),
(10344, '2004-11-25 00:00:00', '2004-12-02 00:00:00', NULL, 'Shipped', 'null', 350),
(10345, '2004-11-25 00:00:00', '2004-12-01 00:00:00', NULL, 'Shipped', 'null', 103),
(10346, '2004-11-29 00:00:00', '2004-12-05 00:00:00', NULL, 'Shipped', 'null', 112),
(10347, '2004-11-29 00:00:00', '2004-12-07 00:00:00', NULL, 'Shipped', 'Can we deliver the new Ford Mustang models by end-of-quarter?', 114),
(10348, '2004-11-01 00:00:00', '2004-11-08 00:00:00', NULL, 'Shipped', 'null', 458),
(10349, '2004-12-01 00:00:00', '2004-12-07 00:00:00', NULL, 'Shipped', 'null', 151),
(10350, '2004-12-02 00:00:00', '2004-12-08 00:00:00', NULL, 'Shipped', 'null', 141),
(10351, '2004-12-03 00:00:00', '2004-12-11 00:00:00', NULL, 'Shipped', 'null', 324),
(10352, '2004-12-03 00:00:00', '2004-12-12 00:00:00', NULL, 'Shipped', 'null', 198),
(10353, '2004-12-04 00:00:00', '2004-12-11 00:00:00', NULL, 'Shipped', 'null', 447),
(10354, '2004-12-04 00:00:00', '2004-12-10 00:00:00', NULL, 'Shipped', 'null', 323),
(10355, '2004-12-07 00:00:00', '2004-12-14 00:00:00', NULL, 'Shipped', 'null', 141),
(10356, '2004-12-09 00:00:00', '2004-12-15 00:00:00', NULL, 'Shipped', 'null', 250),
(10357, '2004-12-10 00:00:00', '2004-12-16 00:00:00', NULL, 'Shipped', 'null', 124),
(10358, '2004-12-10 00:00:00', '2004-12-16 00:00:00', NULL, 'Shipped', 'Customer requested that DHL is used for this shipping', 141),
(10359, '2004-12-15 00:00:00', '2004-12-23 00:00:00', NULL, 'Shipped', 'null', 353),
(10360, '2004-12-16 00:00:00', '2004-12-22 00:00:00', NULL, 'Shipped', 'null', 496),
(10361, '2004-12-17 00:00:00', '2004-12-24 00:00:00', NULL, 'Shipped', 'null', 282),
(10362, '2005-01-05 00:00:00', '2005-01-16 00:00:00', NULL, 'Shipped', 'null', 161),
(10363, '2005-01-06 00:00:00', '2005-01-12 00:00:00', NULL, 'Shipped', 'null', 334),
(10364, '2005-01-06 00:00:00', '2005-01-17 00:00:00', NULL, 'Shipped', 'null', 350),
(10365, '2005-01-07 00:00:00', '2005-01-18 00:00:00', NULL, 'Shipped', 'null', 320),
(10366, '2005-01-10 00:00:00', '2005-01-19 00:00:00', NULL, 'Shipped', 'null', 381),
(10367, '2005-01-12 00:00:00', '2005-01-21 00:00:00', NULL, 'Resolved', 'This order was disputed and resolved on 2/1/2005. Customer claimed that container with shipment was damaged. FedEx\'s investigation proved this wrong.', 205),
(10368, '2005-01-19 00:00:00', '2005-01-27 00:00:00', NULL, 'Shipped', 'Can we renegotiate this one?', 124),
(10369, '2005-01-20 00:00:00', '2005-01-28 00:00:00', NULL, 'Shipped', 'null', 379),
(10370, '2005-01-20 00:00:00', '2005-02-01 00:00:00', NULL, 'Shipped', 'null', 276),
(10371, '2005-01-23 00:00:00', '2005-02-03 00:00:00', NULL, 'Shipped', 'null', 124),
(10372, '2005-01-26 00:00:00', '2005-02-05 00:00:00', NULL, 'Shipped', 'null', 398),
(10373, '2005-01-31 00:00:00', '2005-02-08 00:00:00', NULL, 'Shipped', 'null', 311),
(10374, '2005-02-02 00:00:00', '2005-02-09 00:00:00', NULL, 'Shipped', 'null', 333),
(10375, '2005-02-03 00:00:00', '2005-02-10 00:00:00', NULL, 'Shipped', 'null', 119),
(10376, '2005-02-08 00:00:00', '2005-02-18 00:00:00', NULL, 'Shipped', 'null', 219),
(10377, '2005-02-09 00:00:00', '2005-02-21 00:00:00', NULL, 'Shipped', 'Cautious optimism. We have happy customers here, if we can keep them well stocked. I need all the information I can get on the planned shippments of Porches', 186),
(10378, '2005-02-10 00:00:00', '2005-02-18 00:00:00', NULL, 'Shipped', 'null', 141),
(10379, '2005-02-10 00:00:00', '2005-02-18 00:00:00', NULL, 'Shipped', 'null', 141),
(10380, '2005-02-16 00:00:00', '2005-02-24 00:00:00', NULL, 'Shipped', 'null', 141),
(10381, '2005-02-17 00:00:00', '2005-02-25 00:00:00', NULL, 'Shipped', 'null', 321),
(10382, '2005-02-17 00:00:00', '2005-02-23 00:00:00', NULL, 'Shipped', 'Custom shipping instructions sent to warehouse', 124),
(10383, '2005-02-22 00:00:00', '2005-03-02 00:00:00', NULL, 'Shipped', 'null', 141),
(10384, '2005-02-23 00:00:00', '2005-03-06 00:00:00', NULL, 'Shipped', 'null', 321),
(10385, '2005-02-28 00:00:00', '2005-03-09 00:00:00', NULL, 'Shipped', 'null', 124),
(10386, '2005-03-01 00:00:00', '2005-03-09 00:00:00', NULL, 'Resolved', 'Disputed then Resolved on 3/15/2005. Customer doesn\'t like the craftsmaship of the models.', 141),
(10387, '2005-03-02 00:00:00', '2005-03-09 00:00:00', NULL, 'Shipped', 'We need to keep in close contact with their Marketing VP. He is the decision maker for all their purchases.', 148),
(10388, '2005-03-03 00:00:00', '2005-03-11 00:00:00', NULL, 'Shipped', 'null', 462),
(10389, '2005-03-03 00:00:00', '2005-03-09 00:00:00', NULL, 'Shipped', 'null', 448),
(10390, '2005-03-04 00:00:00', '2005-03-11 00:00:00', NULL, 'Shipped', 'They want to reevaluate their terms agreement with Finance.', 124),
(10391, '2005-03-09 00:00:00', '2005-03-20 00:00:00', NULL, 'Shipped', 'null', 276),
(10392, '2005-03-10 00:00:00', '2005-03-18 00:00:00', NULL, 'Shipped', 'null', 452),
(10393, '2005-03-11 00:00:00', '2005-03-22 00:00:00', NULL, 'Shipped', 'They want to reevaluate their terms agreement with Finance.', 323),
(10394, '2005-03-15 00:00:00', '2005-03-25 00:00:00', NULL, 'Shipped', 'null', 141),
(10395, '2005-03-17 00:00:00', '2005-03-24 00:00:00', NULL, 'Shipped', 'We must be cautions with this customer. Their VP of Sales resigned. Company may be heading down.', 250),
(10396, '2005-03-23 00:00:00', '2005-04-02 00:00:00', NULL, 'Shipped', 'null', 124),
(10397, '2005-03-28 00:00:00', '2005-04-09 00:00:00', NULL, 'Shipped', 'null', 242),
(10398, '2005-03-30 00:00:00', '2005-04-09 00:00:00', NULL, 'Shipped', 'null', 353),
(10399, '2005-04-01 00:00:00', '2005-04-12 00:00:00', NULL, 'Shipped', 'null', 496),
(10400, '2005-04-01 00:00:00', '2005-04-11 00:00:00', NULL, 'Shipped', 'Customer requested that DHL is used for this shipping', 450),
(10401, '2005-04-03 00:00:00', '2005-04-14 00:00:00', NULL, 'On Hold', 'Customer credit limit exceeded. Will ship when a payment is received.', 328),
(10402, '2005-04-07 00:00:00', '2005-04-14 00:00:00', NULL, 'Shipped', 'null', 406),
(10403, '2005-04-08 00:00:00', '2005-04-18 00:00:00', NULL, 'Shipped', 'null', 201),
(10404, '2005-04-08 00:00:00', '2005-04-14 00:00:00', NULL, 'Shipped', 'null', 323),
(10405, '2005-04-14 00:00:00', '2005-04-24 00:00:00', NULL, 'Shipped', 'null', 209),
(10406, '2005-04-15 00:00:00', '2005-04-25 00:00:00', NULL, 'Disputed', 'Customer claims container with shipment was damaged during shipping and some items were missing. I am talking to FedEx about this.', 145),
(10407, '2005-04-22 00:00:00', '2005-05-04 00:00:00', NULL, 'On Hold', 'Customer credit limit exceeded. Will ship when a payment is received.', 450),
(10408, '2005-04-22 00:00:00', '2005-04-29 00:00:00', NULL, 'Shipped', 'null', 398),
(10409, '2005-04-23 00:00:00', '2005-05-05 00:00:00', NULL, 'Shipped', 'null', 166),
(10410, '2005-04-29 00:00:00', '2005-05-10 00:00:00', NULL, 'Shipped', 'null', 357),
(10411, '2005-05-01 00:00:00', '2005-05-08 00:00:00', NULL, 'Shipped', 'null', 233),
(10412, '2005-05-03 00:00:00', '2005-05-13 00:00:00', NULL, 'Shipped', 'null', 141),
(10413, '2005-05-05 00:00:00', '2005-05-14 00:00:00', NULL, 'Shipped', 'Customer requested that DHL is used for this shipping', 175),
(10414, '2005-05-06 00:00:00', '2005-05-13 00:00:00', NULL, 'On Hold', 'Customer credit limit exceeded. Will ship when a payment is received.', 362),
(10415, '2005-05-09 00:00:00', '2005-05-20 00:00:00', NULL, 'Disputed', 'Customer claims the scales of the models don\'t match what was discussed. I keep all the paperwork though to prove otherwise', 471),
(10416, '2005-05-10 00:00:00', '2005-05-16 00:00:00', NULL, 'Shipped', 'null', 386),
(10417, '2005-05-13 00:00:00', '2005-05-19 00:00:00', NULL, 'Disputed', 'Customer doesn\'t like the colors and precision of the models.', 141),
(10418, '2005-05-16 00:00:00', '2005-05-24 00:00:00', NULL, 'Shipped', 'null', 412),
(10419, '2005-05-17 00:00:00', '2005-05-28 00:00:00', NULL, 'Shipped', 'null', 382),
(10420, '2005-05-29 00:00:00', '2005-06-07 00:00:00', NULL, 'In Process', 'null', 282),
(10421, '2005-05-29 00:00:00', '2005-06-06 00:00:00', NULL, 'In Process', 'Custom shipping instructions were sent to warehouse', 124),
(10422, '2005-05-30 00:00:00', '2005-06-11 00:00:00', NULL, 'In Process', 'null', 157),
(10423, '2005-05-30 00:00:00', '2005-06-05 00:00:00', NULL, 'In Process', 'null', 314),
(10424, '2005-05-31 00:00:00', '2005-06-08 00:00:00', NULL, 'In Process', 'null', 141),
(10425, '2003-01-06 00:00:00', '2003-01-13 00:00:00', NULL, 'Shipped', 'null', 103);

-- --------------------------------------------------------

--
-- Cấu trúc bảng cho bảng `order_details`
--

CREATE TABLE `order_details` (
  `id` int(10) NOT NULL,
  `order_id` int(10) NOT NULL,
  `product_id` int(10) DEFAULT NULL,
  `quantity_order` int(10) NOT NULL,
  `price_each` decimal(10,2) NOT NULL
) ENGINE=InnoDB DEFAULT CHARSET=utf8mb4 ROW_FORMAT=DYNAMIC;

--
-- Đang đổ dữ liệu cho bảng `order_details`
--

INSERT INTO `order_details` (`id`, `order_id`, `product_id`, `quantity_order`, `price_each`) VALUES
(1, 10100, 23, 30, '136.00'),
(2, 10100, 27, 50, '55.09'),
(3, 10100, 50, 22, '75.46'),
(4, 10100, 80, 49, '35.29'),
(5, 10101, 29, 25, '108.06'),
(6, 10101, 33, 26, '167.06'),
(7, 10101, 61, 45, '32.53'),
(8, 10101, 64, 46, '44.35'),
(9, 10102, 19, 39, '95.55'),
(10, 10102, 20, 41, '43.13'),
(11, 10103, 2, 26, '214.30'),
(12, 10103, 6, 42, '119.67'),
(13, 10103, 9, 27, '121.64'),
(14, 10103, 17, 35, '94.50'),
(15, 10103, 30, 22, '58.34'),
(16, 10103, 35, 27, '92.19'),
(17, 10103, 36, 35, '61.84'),
(18, 10103, 38, 25, '86.92'),
(19, 10103, 44, 46, '86.31'),
(20, 10103, 52, 36, '98.07'),
(21, 10103, 53, 41, '40.75'),
(22, 10103, 65, 36, '107.34'),
(23, 10103, 82, 25, '88.62'),
(24, 10103, 85, 31, '92.46'),
(25, 10103, 90, 45, '63.35'),
(26, 10104, 11, 34, '131.44'),
(27, 10104, 15, 41, '111.39'),
(28, 10104, 26, 24, '135.90'),
(29, 10104, 28, 29, '122.73'),
(30, 10104, 40, 23, '165.95'),
(31, 10104, 49, 38, '119.20'),
(32, 10104, 57, 35, '52.02'),
(33, 10104, 68, 44, '30.41'),
(34, 10104, 81, 26, '106.45'),
(35, 10104, 88, 35, '51.95'),
(36, 10104, 89, 49, '56.55'),
(37, 10104, 94, 33, '114.59'),
(38, 10104, 95, 32, '53.31'),
(39, 10105, 5, 50, '127.84'),
(40, 10105, 8, 41, '205.72'),
(41, 10105, 13, 29, '141.88'),
(42, 10105, 39, 22, '136.59'),
(43, 10105, 42, 38, '87.73'),
(44, 10105, 51, 41, '75.48'),
(45, 10105, 63, 43, '117.97'),
(46, 10105, 72, 44, '73.46'),
(47, 10105, 77, 50, '75.47'),
(48, 10105, 97, 41, '54.00'),
(49, 10105, 99, 29, '86.61'),
(50, 10105, 102, 31, '60.72'),
(51, 10105, 106, 39, '92.16'),
(52, 10105, 107, 22, '99.31'),
(53, 10105, 110, 25, '44.77'),
(54, 10106, 22, 36, '134.04'),
(55, 10106, 31, 34, '81.10'),
(56, 10106, 37, 41, '80.86'),
(57, 10106, 48, 41, '94.22'),
(58, 10106, 60, 28, '107.23'),
(59, 10106, 69, 49, '65.77'),
(60, 10106, 75, 31, '55.89'),
(61, 10106, 79, 50, '55.96'),
(62, 10106, 83, 26, '71.00'),
(63, 10106, 91, 33, '65.35'),
(64, 10106, 93, 39, '35.78'),
(65, 10106, 98, 31, '91.34'),
(66, 10106, 100, 30, '85.09'),
(67, 10106, 101, 34, '99.72'),
(68, 10106, 104, 32, '113.90'),
(69, 10106, 105, 44, '76.00'),
(70, 10106, 108, 48, '70.33'),
(71, 10106, 109, 48, '43.70'),
(72, 10107, 1, 30, '81.35'),
(73, 10107, 3, 39, '105.86'),
(74, 10107, 4, 27, '172.36'),
(75, 10107, 10, 21, '122.00'),
(76, 10107, 32, 29, '52.70'),
(77, 10107, 58, 25, '96.92'),
(78, 10107, 62, 38, '73.12'),
(79, 10107, 86, 20, '88.90'),
(80, 10108, 7, 33, '165.38'),
(81, 10108, 12, 45, '96.30'),
(82, 10108, 14, 39, '75.81'),
(83, 10108, 16, 36, '107.10'),
(84, 10108, 24, 38, '67.76'),
(85, 10108, 43, 26, '73.17'),
(86, 10108, 45, 29, '132.29'),
(87, 10108, 47, 43, '52.84'),
(88, 10108, 54, 44, '139.87'),
(89, 10108, 66, 35, '64.41'),
(90, 10108, 74, 30, '60.01'),
(91, 10108, 78, 40, '132.00'),
(92, 10108, 84, 31, '67.10'),
(93, 10108, 87, 27, '36.21'),
(94, 10108, 92, 31, '87.76'),
(95, 10108, 96, 34, '74.85'),
(96, 10109, 18, 26, '117.48'),
(97, 10109, 25, 38, '137.98'),
(98, 10109, 34, 26, '126.72'),
(99, 10109, 40, 46, '160.87'),
(100, 10109, 46, 47, '125.74'),
(101, 10109, 71, 29, '32.10'),
(102, 10110, 21, 37, '118.22'),
(103, 10110, 23, 42, '153.00'),
(104, 10110, 27, 32, '51.46'),
(105, 10110, 29, 33, '115.69'),
(106, 10110, 33, 31, '163.69'),
(107, 10110, 50, 28, '81.91'),
(108, 10110, 55, 42, '62.00'),
(109, 10110, 56, 36, '72.02'),
(110, 10110, 59, 29, '43.27'),
(111, 10110, 61, 20, '28.88'),
(112, 10110, 64, 39, '40.77'),
(113, 10110, 67, 43, '82.69'),
(114, 10110, 70, 46, '112.74'),
(115, 10110, 73, 27, '80.47'),
(116, 10110, 76, 37, '96.37'),
(117, 10110, 80, 48, '35.29'),
(118, 10111, 19, 33, '87.33'),
(119, 10111, 20, 48, '48.52'),
(120, 10111, 36, 28, '53.09'),
(121, 10111, 38, 43, '94.25'),
(122, 10111, 44, 39, '91.27'),
(123, 10111, 82, 26, '85.70'),
(124, 10112, 2, 29, '197.16'),
(125, 10112, 35, 23, '85.10'),
(126, 10113, 9, 21, '121.64'),
(127, 10113, 17, 49, '101.50'),
(128, 10113, 53, 50, '43.27'),
(129, 10113, 90, 23, '58.82'),
(130, 10114, 6, 31, '128.53'),
(131, 10114, 28, 39, '106.78'),
(132, 10114, 30, 45, '53.48'),
(133, 10114, 40, 48, '169.34'),
(134, 10114, 52, 41, '105.34'),
(135, 10114, 65, 21, '102.23'),
(136, 10114, 68, 24, '28.64'),
(137, 10114, 85, 32, '88.61'),
(138, 10114, 88, 28, '43.83'),
(139, 10114, 103, 42, '82.94'),
(140, 10115, 15, 46, '111.39'),
(141, 10115, 26, 46, '140.81'),
(142, 10115, 57, 47, '56.64'),
(143, 10115, 81, 44, '106.45'),
(144, 10115, 94, 27, '100.70'),
(145, 10116, 89, 27, '60.28'),
(146, 10117, 8, 33, '195.33'),
(147, 10117, 11, 43, '148.06'),
(148, 10117, 13, 39, '173.02'),
(149, 10117, 39, 26, '121.57'),
(150, 10117, 42, 21, '81.68'),
(151, 10117, 49, 22, '122.08'),
(152, 10117, 51, 23, '73.73'),
(153, 10117, 63, 41, '119.20'),
(154, 10117, 95, 21, '55.65'),
(155, 10117, 99, 38, '75.35'),
(156, 10117, 107, 45, '89.38'),
(157, 10117, 110, 50, '52.42'),
(158, 10118, 106, 36, '86.15'),
(159, 10119, 5, 46, '112.88'),
(160, 10119, 22, 43, '151.38'),
(161, 10119, 37, 21, '74.84'),
(162, 10119, 48, 27, '95.28'),
(163, 10119, 69, 41, '64.40'),
(164, 10119, 72, 35, '72.58'),
(165, 10119, 75, 20, '63.12'),
(166, 10119, 77, 35, '82.18'),
(167, 10119, 79, 28, '62.10'),
(168, 10119, 97, 25, '57.34'),
(169, 10119, 100, 29, '74.23'),
(170, 10119, 102, 38, '67.22'),
(171, 10119, 108, 26, '63.67'),
(172, 10119, 109, 28, '40.22'),
(173, 10120, 3, 29, '118.94'),
(174, 10120, 4, 46, '158.80'),
(175, 10120, 31, 29, '82.79'),
(176, 10120, 32, 46, '57.54'),
(177, 10120, 58, 35, '110.45'),
(178, 10120, 60, 39, '93.01'),
(179, 10120, 62, 34, '72.36'),
(180, 10120, 83, 29, '71.73'),
(181, 10120, 86, 22, '94.90'),
(182, 10120, 91, 29, '68.79'),
(183, 10120, 93, 49, '41.46'),
(184, 10120, 98, 47, '91.34'),
(185, 10120, 101, 24, '81.77'),
(186, 10120, 104, 24, '106.79'),
(187, 10120, 105, 43, '72.00'),
(188, 10121, 1, 34, '86.13'),
(189, 10121, 10, 50, '126.52'),
(190, 10121, 66, 32, '58.18'),
(191, 10121, 92, 25, '95.93'),
(192, 10121, 96, 44, '72.41'),
(193, 10122, 7, 42, '155.66'),
(194, 10122, 12, 37, '113.92'),
(195, 10122, 14, 32, '65.44'),
(196, 10122, 16, 20, '104.80'),
(197, 10122, 18, 34, '114.65'),
(198, 10122, 24, 43, '62.37'),
(199, 10122, 25, 31, '113.80'),
(200, 10122, 40, 25, '137.17'),
(201, 10122, 43, 21, '69.15'),
(202, 10122, 45, 21, '133.76'),
(203, 10122, 47, 35, '59.06'),
(204, 10122, 54, 28, '145.82'),
(205, 10122, 71, 39, '34.74'),
(206, 10122, 74, 34, '50.82'),
(207, 10122, 78, 43, '136.22'),
(208, 10122, 84, 29, '67.10'),
(209, 10122, 87, 31, '33.79'),
(210, 10123, 21, 26, '120.71'),
(211, 10123, 34, 46, '114.84'),
(212, 10123, 46, 34, '117.26'),
(213, 10123, 59, 50, '43.27'),
(214, 10124, 23, 21, '153.00'),
(215, 10124, 27, 42, '58.12'),
(216, 10124, 29, 42, '111.87'),
(217, 10124, 50, 36, '75.46'),
(218, 10124, 55, 23, '66.28'),
(219, 10124, 56, 22, '62.47'),
(220, 10124, 61, 45, '30.53'),
(221, 10124, 64, 22, '36.29'),
(222, 10124, 67, 32, '74.51'),
(223, 10124, 70, 25, '93.95'),
(224, 10124, 73, 49, '76.19'),
(225, 10124, 76, 43, '101.73'),
(226, 10124, 80, 46, '36.11'),
(227, 10125, 19, 32, '89.38'),
(228, 10125, 33, 34, '138.38'),
(229, 10126, 2, 38, '205.73'),
(230, 10126, 6, 22, '122.62'),
(231, 10126, 9, 21, '135.30'),
(232, 10126, 17, 38, '116.67'),
(233, 10126, 20, 42, '51.21'),
(234, 10126, 30, 43, '51.05'),
(235, 10126, 35, 31, '93.21'),
(236, 10126, 36, 46, '61.84'),
(237, 10126, 38, 30, '93.20'),
(238, 10126, 44, 38, '94.25'),
(239, 10126, 52, 50, '102.92'),
(240, 10126, 53, 43, '47.29'),
(241, 10126, 65, 27, '122.68'),
(242, 10126, 82, 34, '83.76'),
(243, 10126, 85, 43, '82.83'),
(244, 10126, 90, 26, '62.05'),
(245, 10126, 103, 45, '97.10'),
(246, 10127, 8, 46, '193.25'),
(247, 10127, 11, 46, '140.50'),
(248, 10127, 13, 42, '169.56'),
(249, 10127, 15, 24, '100.73'),
(250, 10127, 26, 45, '140.81'),
(251, 10127, 28, 45, '114.14'),
(252, 10127, 40, 22, '149.02'),
(253, 10127, 49, 25, '126.39'),
(254, 10127, 57, 20, '50.86'),
(255, 10127, 68, 39, '34.30'),
(256, 10127, 81, 20, '107.63'),
(257, 10127, 88, 45, '46.53'),
(258, 10127, 89, 29, '60.90'),
(259, 10127, 94, 46, '111.12'),
(260, 10127, 95, 46, '55.65'),
(261, 10128, 39, 41, '120.20'),
(262, 10128, 42, 41, '80.67'),
(263, 10128, 51, 43, '77.24'),
(264, 10128, 99, 32, '72.75'),
(265, 10129, 5, 33, '123.76'),
(266, 10129, 63, 45, '113.06'),
(267, 10129, 72, 41, '81.43'),
(268, 10129, 77, 50, '76.31'),
(269, 10129, 97, 31, '58.67'),
(270, 10129, 102, 45, '72.28'),
(271, 10129, 106, 42, '90.15'),
(272, 10129, 107, 30, '94.34'),
(273, 10129, 110, 32, '44.23'),
(274, 10130, 37, 40, '68.82'),
(275, 10130, 48, 33, '99.52'),
(276, 10131, 22, 21, '141.92'),
(277, 10131, 69, 35, '60.97'),
(278, 10131, 75, 29, '52.60'),
(279, 10131, 79, 50, '54.59'),
(280, 10131, 100, 22, '76.94'),
(281, 10131, 101, 40, '86.76'),
(282, 10131, 108, 26, '63.67'),
(283, 10131, 109, 21, '40.22'),
(284, 10132, 105, 36, '80.00'),
(285, 10133, 31, 49, '80.26'),
(286, 10133, 60, 41, '109.42'),
(287, 10133, 83, 46, '61.58'),
(288, 10133, 86, 23, '80.91'),
(289, 10133, 91, 49, '67.41'),
(290, 10133, 93, 27, '37.09'),
(291, 10133, 98, 24, '76.73'),
(292, 10133, 104, 27, '115.09'),
(293, 10134, 1, 41, '90.92'),
(294, 10134, 3, 27, '116.56'),
(295, 10134, 4, 31, '187.85'),
(296, 10134, 10, 20, '131.04'),
(297, 10134, 32, 30, '51.48'),
(298, 10134, 58, 35, '94.67'),
(299, 10134, 62, 43, '75.41'),
(300, 10135, 7, 42, '173.17'),
(301, 10135, 12, 48, '110.39'),
(302, 10135, 14, 24, '72.62'),
(303, 10135, 16, 29, '103.64'),
(304, 10135, 24, 48, '66.99'),
(305, 10135, 43, 45, '65.94'),
(306, 10135, 45, 42, '139.64'),
(307, 10135, 47, 45, '49.74'),
(308, 10135, 54, 31, '133.92'),
(309, 10135, 66, 29, '67.18'),
(310, 10135, 71, 20, '34.36'),
(311, 10135, 74, 27, '52.05'),
(312, 10135, 78, 47, '139.03'),
(313, 10135, 84, 23, '76.80'),
(314, 10135, 87, 33, '38.62'),
(315, 10135, 92, 30, '91.85'),
(316, 10135, 96, 44, '78.92'),
(317, 10136, 18, 25, '117.48'),
(318, 10136, 25, 36, '120.91'),
(319, 10136, 40, 41, '169.34'),
(320, 10137, 21, 44, '115.73'),
(321, 10137, 34, 37, '110.88'),
(322, 10137, 46, 31, '118.68'),
(323, 10137, 59, 26, '40.25'),
(324, 10138, 23, 33, '149.60'),
(325, 10138, 27, 22, '51.46'),
(326, 10138, 29, 38, '114.42'),
(327, 10138, 50, 47, '79.15'),
(328, 10138, 55, 23, '64.86'),
(329, 10138, 56, 45, '59.53'),
(330, 10138, 61, 22, '33.19'),
(331, 10138, 64, 33, '38.53'),
(332, 10138, 67, 28, '73.60'),
(333, 10138, 70, 30, '96.30'),
(334, 10138, 73, 49, '77.05'),
(335, 10138, 76, 21, '99.58'),
(336, 10138, 80, 29, '32.82'),
(337, 10139, 19, 31, '89.38'),
(338, 10139, 20, 49, '52.83'),
(339, 10139, 33, 41, '151.88'),
(340, 10139, 35, 46, '91.18'),
(341, 10139, 36, 20, '52.47'),
(342, 10139, 38, 20, '101.58'),
(343, 10139, 44, 30, '81.35'),
(344, 10139, 82, 29, '93.49'),
(345, 10140, 2, 37, '186.44'),
(346, 10140, 6, 26, '131.49'),
(347, 10140, 9, 38, '118.90'),
(348, 10140, 17, 32, '95.67'),
(349, 10140, 30, 46, '51.05'),
(350, 10140, 52, 40, '100.50'),
(351, 10140, 53, 29, '40.25'),
(352, 10140, 65, 47, '118.84'),
(353, 10140, 85, 26, '87.64'),
(354, 10140, 90, 28, '62.05'),
(355, 10140, 103, 36, '101.15'),
(356, 10141, 15, 21, '114.95'),
(357, 10141, 26, 39, '160.46'),
(358, 10141, 28, 47, '103.09'),
(359, 10141, 40, 34, '143.94'),
(360, 10141, 57, 20, '50.86'),
(361, 10141, 68, 21, '32.18'),
(362, 10141, 81, 40, '104.09'),
(363, 10141, 88, 24, '53.03'),
(364, 10141, 94, 44, '94.92'),
(365, 10142, 8, 33, '166.24'),
(366, 10142, 11, 33, '140.50'),
(367, 10142, 13, 46, '167.83'),
(368, 10142, 39, 47, '129.76'),
(369, 10142, 42, 22, '95.80'),
(370, 10142, 49, 24, '122.08'),
(371, 10142, 51, 24, '79.87'),
(372, 10142, 63, 33, '114.29'),
(373, 10142, 72, 49, '74.35'),
(374, 10142, 89, 42, '60.90'),
(375, 10142, 95, 42, '56.24'),
(376, 10142, 97, 41, '55.34'),
(377, 10142, 99, 43, '77.08'),
(378, 10142, 106, 21, '92.16'),
(379, 10142, 107, 38, '91.37'),
(380, 10142, 110, 39, '46.96'),
(381, 10143, 5, 49, '133.28'),
(382, 10143, 22, 32, '126.15'),
(383, 10143, 37, 46, '70.54'),
(384, 10143, 48, 34, '99.52'),
(385, 10143, 69, 27, '63.71'),
(386, 10143, 75, 33, '59.83'),
(387, 10143, 77, 23, '74.64'),
(388, 10143, 79, 28, '55.96'),
(389, 10143, 93, 34, '34.91'),
(390, 10143, 98, 36, '86.77'),
(391, 10143, 100, 26, '87.80'),
(392, 10143, 101, 26, '79.78'),
(393, 10143, 102, 31, '69.39'),
(394, 10143, 105, 28, '70.40'),
(395, 10143, 108, 34, '65.15'),
(396, 10143, 109, 37, '49.66'),
(397, 10144, 91, 20, '56.41'),
(398, 10145, 1, 45, '76.56'),
(399, 10145, 3, 37, '104.67'),
(400, 10145, 4, 33, '154.93'),
(401, 10145, 10, 49, '146.10'),
(402, 10145, 31, 30, '71.81'),
(403, 10145, 32, 30, '52.70'),
(404, 10145, 58, 43, '103.68'),
(405, 10145, 60, 40, '87.54'),
(406, 10145, 62, 47, '63.98'),
(407, 10145, 66, 27, '56.10'),
(408, 10145, 83, 33, '71.73'),
(409, 10145, 86, 33, '99.89'),
(410, 10145, 87, 31, '39.43'),
(411, 10145, 92, 27, '95.93'),
(412, 10145, 96, 38, '73.22'),
(413, 10145, 104, 20, '113.90'),
(414, 10146, 47, 47, '60.30'),
(415, 10146, 54, 29, '130.94'),
(416, 10147, 7, 48, '161.49'),
(417, 10147, 12, 31, '110.39'),
(418, 10147, 14, 21, '74.21'),
(419, 10147, 16, 33, '97.89'),
(420, 10147, 24, 26, '70.84'),
(421, 10147, 43, 36, '74.78'),
(422, 10147, 45, 37, '129.35'),
(423, 10147, 71, 25, '33.23'),
(424, 10147, 74, 30, '48.98'),
(425, 10147, 78, 23, '123.58'),
(426, 10147, 84, 31, '72.76'),
(427, 10148, 18, 23, '114.65'),
(428, 10148, 21, 47, '108.26'),
(429, 10148, 25, 25, '136.56'),
(430, 10148, 34, 27, '113.52'),
(431, 10148, 40, 32, '143.94'),
(432, 10148, 46, 28, '135.63'),
(433, 10148, 50, 34, '83.75'),
(434, 10148, 55, 29, '66.28'),
(435, 10148, 56, 25, '65.41'),
(436, 10148, 59, 47, '46.29'),
(437, 10148, 67, 21, '77.24'),
(438, 10148, 70, 34, '115.09'),
(439, 10148, 73, 31, '71.91'),
(440, 10148, 76, 27, '96.37'),
(441, 10149, 19, 50, '87.33'),
(442, 10149, 20, 30, '48.52'),
(443, 10149, 23, 34, '156.40'),
(444, 10149, 27, 24, '50.85'),
(445, 10149, 29, 33, '125.86'),
(446, 10149, 33, 23, '167.06'),
(447, 10149, 44, 42, '89.29'),
(448, 10149, 61, 36, '31.20'),
(449, 10149, 64, 49, '39.87'),
(450, 10149, 80, 26, '38.57'),
(451, 10149, 82, 20, '90.57'),
(452, 10150, 2, 45, '182.16'),
(453, 10150, 6, 20, '121.15'),
(454, 10150, 9, 30, '135.30'),
(455, 10150, 17, 34, '95.67'),
(456, 10150, 35, 47, '93.21'),
(457, 10150, 36, 30, '56.21'),
(458, 10150, 38, 26, '97.39'),
(459, 10150, 52, 49, '111.39'),
(460, 10150, 53, 30, '47.29'),
(461, 10150, 90, 49, '62.05'),
(462, 10150, 103, 20, '95.08'),
(463, 10151, 15, 24, '114.95'),
(464, 10151, 26, 43, '152.27'),
(465, 10151, 28, 49, '106.78'),
(466, 10151, 30, 39, '58.34'),
(467, 10151, 40, 21, '167.65'),
(468, 10151, 65, 42, '109.90'),
(469, 10151, 68, 30, '29.35'),
(470, 10151, 85, 27, '84.75'),
(471, 10151, 88, 41, '43.29'),
(472, 10151, 94, 26, '108.81'),
(473, 10152, 49, 35, '117.77'),
(474, 10152, 57, 25, '49.13'),
(475, 10152, 81, 23, '112.37'),
(476, 10152, 89, 33, '57.17'),
(477, 10153, 8, 20, '201.57'),
(478, 10153, 11, 42, '128.42'),
(479, 10153, 13, 49, '155.72'),
(480, 10153, 39, 31, '125.66'),
(481, 10153, 42, 29, '82.69'),
(482, 10153, 51, 22, '82.50'),
(483, 10153, 63, 40, '111.83'),
(484, 10153, 95, 31, '53.31'),
(485, 10153, 97, 43, '58.00'),
(486, 10153, 99, 31, '80.55'),
(487, 10153, 106, 50, '87.15'),
(488, 10153, 107, 20, '85.41'),
(489, 10153, 110, 50, '51.87'),
(490, 10154, 72, 31, '75.23'),
(491, 10154, 102, 36, '59.27'),
(492, 10155, 5, 32, '129.20'),
(493, 10155, 22, 38, '138.77'),
(494, 10155, 37, 44, '83.44'),
(495, 10155, 48, 29, '105.87'),
(496, 10155, 69, 23, '62.34'),
(497, 10155, 75, 34, '56.55'),
(498, 10155, 77, 37, '76.31'),
(499, 10155, 79, 44, '58.69'),
(500, 10155, 100, 32, '89.61'),
(501, 10155, 101, 20, '87.75'),
(502, 10155, 105, 43, '76.80'),
(503, 10155, 108, 44, '70.33'),
(504, 10155, 109, 34, '49.16'),
(505, 10156, 93, 20, '43.64'),
(506, 10156, 98, 48, '77.64'),
(507, 10157, 31, 33, '69.27'),
(508, 10157, 60, 40, '89.72'),
(509, 10157, 83, 33, '66.65'),
(510, 10157, 86, 34, '83.91'),
(511, 10157, 91, 28, '56.41'),
(512, 10157, 104, 48, '109.16'),
(513, 10158, 62, 22, '67.79'),
(514, 10159, 1, 49, '81.35'),
(515, 10159, 3, 37, '101.10'),
(516, 10159, 4, 22, '170.42'),
(517, 10159, 7, 41, '188.73'),
(518, 10159, 10, 38, '131.04'),
(519, 10159, 14, 24, '67.03'),
(520, 10159, 32, 42, '51.48'),
(521, 10159, 43, 21, '66.74'),
(522, 10159, 45, 25, '129.35'),
(523, 10159, 47, 21, '54.71'),
(524, 10159, 54, 32, '142.85'),
(525, 10159, 58, 44, '100.30'),
(526, 10159, 66, 27, '67.18'),
(527, 10159, 74, 50, '49.60'),
(528, 10159, 84, 23, '80.84'),
(529, 10159, 87, 35, '39.43'),
(530, 10159, 92, 23, '86.74'),
(531, 10159, 96, 31, '78.11'),
(532, 10160, 12, 46, '96.30'),
(533, 10160, 16, 50, '93.28'),
(534, 10160, 24, 38, '70.84'),
(535, 10160, 40, 20, '140.55'),
(536, 10160, 71, 42, '30.59'),
(537, 10160, 78, 35, '130.60'),
(538, 10161, 18, 28, '121.72'),
(539, 10161, 21, 43, '102.04'),
(540, 10161, 25, 48, '139.41'),
(541, 10161, 34, 23, '125.40'),
(542, 10161, 46, 36, '132.80'),
(543, 10161, 55, 25, '62.72'),
(544, 10161, 56, 37, '73.49'),
(545, 10161, 59, 23, '47.29'),
(546, 10161, 67, 20, '82.69'),
(547, 10161, 70, 25, '108.04'),
(548, 10161, 73, 20, '72.77'),
(549, 10161, 76, 30, '94.23'),
(550, 10162, 19, 48, '87.33'),
(551, 10162, 20, 45, '45.28'),
(552, 10162, 23, 29, '141.10'),
(553, 10162, 27, 27, '53.28'),
(554, 10162, 29, 38, '113.15'),
(555, 10162, 33, 48, '156.94'),
(556, 10162, 50, 39, '86.51'),
(557, 10162, 61, 37, '27.55'),
(558, 10162, 64, 43, '38.98'),
(559, 10162, 80, 37, '32.82'),
(560, 10163, 2, 21, '212.16'),
(561, 10163, 35, 31, '101.31'),
(562, 10163, 36, 48, '59.96'),
(563, 10163, 38, 40, '101.58'),
(564, 10163, 44, 43, '80.36'),
(565, 10163, 82, 42, '96.42'),
(566, 10164, 6, 21, '143.31'),
(567, 10164, 9, 49, '121.64'),
(568, 10164, 17, 36, '103.84'),
(569, 10164, 52, 45, '107.76'),
(570, 10164, 53, 25, '46.29'),
(571, 10164, 85, 24, '91.49'),
(572, 10164, 90, 49, '57.53'),
(573, 10164, 103, 39, '86.99'),
(574, 10165, 8, 44, '168.32'),
(575, 10165, 11, 34, '123.89'),
(576, 10165, 13, 27, '152.26'),
(577, 10165, 15, 48, '109.02'),
(578, 10165, 26, 29, '134.26'),
(579, 10165, 28, 46, '120.28'),
(580, 10165, 30, 31, '60.77'),
(581, 10165, 40, 47, '154.10'),
(582, 10165, 42, 50, '84.71'),
(583, 10165, 49, 28, '123.51'),
(584, 10165, 57, 25, '46.82'),
(585, 10165, 65, 32, '117.57'),
(586, 10165, 68, 27, '31.12'),
(587, 10165, 81, 24, '106.45'),
(588, 10165, 88, 48, '50.86'),
(589, 10165, 89, 44, '55.30'),
(590, 10165, 94, 48, '106.49'),
(591, 10165, 95, 38, '49.21'),
(592, 10166, 39, 43, '136.59'),
(593, 10166, 51, 26, '72.85'),
(594, 10166, 99, 29, '76.22'),
(595, 10167, 5, 44, '123.76'),
(596, 10167, 22, 43, '141.92'),
(597, 10167, 37, 46, '69.68'),
(598, 10167, 48, 34, '84.70'),
(599, 10167, 63, 33, '110.60'),
(600, 10167, 69, 21, '54.81'),
(601, 10167, 72, 20, '77.00'),
(602, 10167, 75, 32, '64.44'),
(603, 10167, 77, 29, '73.80'),
(604, 10167, 97, 43, '66.00'),
(605, 10167, 100, 29, '87.80'),
(606, 10167, 102, 46, '62.16'),
(607, 10167, 106, 24, '85.14'),
(608, 10167, 107, 28, '83.42'),
(609, 10167, 109, 40, '42.71'),
(610, 10167, 110, 38, '43.68'),
(611, 10168, 1, 36, '94.74'),
(612, 10168, 3, 27, '97.53'),
(613, 10168, 4, 20, '160.74'),
(614, 10168, 31, 21, '75.19'),
(615, 10168, 32, 46, '49.06'),
(616, 10168, 58, 50, '103.68'),
(617, 10168, 60, 49, '93.01'),
(618, 10168, 62, 29, '72.36'),
(619, 10168, 79, 27, '57.32'),
(620, 10168, 83, 48, '68.10'),
(621, 10168, 86, 28, '89.90'),
(622, 10168, 91, 31, '57.78'),
(623, 10168, 93, 48, '39.71'),
(624, 10168, 98, 28, '91.34'),
(625, 10168, 101, 31, '87.75'),
(626, 10168, 104, 36, '94.92'),
(627, 10168, 105, 48, '72.00'),
(628, 10168, 108, 39, '67.37'),
(629, 10169, 7, 30, '163.44'),
(630, 10169, 10, 35, '126.52'),
(631, 10169, 14, 36, '71.82'),
(632, 10169, 43, 32, '65.13'),
(633, 10169, 45, 36, '136.70'),
(634, 10169, 47, 38, '52.84'),
(635, 10169, 54, 33, '120.53'),
(636, 10169, 66, 38, '66.49'),
(637, 10169, 74, 34, '53.27'),
(638, 10169, 84, 24, '77.61'),
(639, 10169, 87, 26, '37.01'),
(640, 10169, 92, 34, '83.68'),
(641, 10169, 96, 48, '75.66'),
(642, 10170, 12, 47, '116.27'),
(643, 10170, 16, 41, '93.28'),
(644, 10170, 24, 20, '70.07'),
(645, 10170, 78, 34, '130.60'),
(646, 10171, 18, 35, '134.46'),
(647, 10171, 25, 35, '128.03'),
(648, 10171, 40, 39, '165.95'),
(649, 10171, 71, 36, '34.74'),
(650, 10172, 21, 42, '109.51'),
(651, 10172, 34, 39, '117.48'),
(652, 10172, 46, 48, '139.87'),
(653, 10172, 56, 32, '61.00'),
(654, 10172, 59, 34, '43.27'),
(655, 10172, 67, 22, '79.97'),
(656, 10172, 73, 24, '77.91'),
(657, 10172, 76, 22, '87.81'),
(658, 10173, 19, 43, '101.71'),
(659, 10173, 20, 48, '51.75'),
(660, 10173, 23, 24, '168.30'),
(661, 10173, 27, 26, '55.09'),
(662, 10173, 29, 31, '127.13'),
(663, 10173, 33, 22, '140.06'),
(664, 10173, 36, 28, '56.84'),
(665, 10173, 38, 31, '86.92'),
(666, 10173, 44, 29, '90.28'),
(667, 10173, 50, 21, '77.31'),
(668, 10173, 55, 39, '58.44'),
(669, 10173, 61, 31, '29.87'),
(670, 10173, 64, 27, '39.42'),
(671, 10173, 70, 23, '98.65'),
(672, 10173, 80, 35, '35.70'),
(673, 10173, 82, 22, '93.49'),
(674, 10174, 2, 34, '207.87'),
(675, 10174, 9, 43, '113.44'),
(676, 10174, 17, 48, '108.50'),
(677, 10174, 35, 46, '100.30'),
(678, 10174, 53, 49, '44.27'),
(679, 10175, 6, 33, '119.67'),
(680, 10175, 15, 26, '109.02'),
(681, 10175, 28, 48, '101.87'),
(682, 10175, 30, 41, '59.55'),
(683, 10175, 40, 29, '150.71'),
(684, 10175, 52, 47, '102.92'),
(685, 10175, 65, 28, '121.40'),
(686, 10175, 68, 37, '32.18'),
(687, 10175, 85, 22, '89.57'),
(688, 10175, 88, 50, '50.86'),
(689, 10175, 90, 29, '56.24'),
(690, 10175, 103, 42, '80.92'),
(691, 10176, 8, 33, '166.24'),
(692, 10176, 11, 47, '145.04'),
(693, 10176, 13, 50, '160.91'),
(694, 10176, 26, 20, '139.17'),
(695, 10176, 49, 36, '140.75'),
(696, 10176, 57, 27, '55.49'),
(697, 10176, 81, 29, '101.72'),
(698, 10176, 89, 22, '62.14'),
(699, 10176, 94, 23, '109.96'),
(700, 10176, 95, 38, '52.14'),
(701, 10177, 39, 23, '113.37'),
(702, 10177, 42, 29, '92.77'),
(703, 10177, 51, 35, '82.50'),
(704, 10177, 63, 50, '115.52'),
(705, 10177, 72, 45, '79.66'),
(706, 10177, 97, 24, '58.67'),
(707, 10177, 99, 31, '77.95'),
(708, 10177, 102, 32, '64.33'),
(709, 10177, 106, 44, '88.15'),
(710, 10177, 107, 24, '83.42'),
(711, 10177, 110, 40, '52.96'),
(712, 10178, 5, 24, '131.92'),
(713, 10178, 22, 42, '127.73'),
(714, 10178, 37, 41, '70.54'),
(715, 10178, 48, 48, '104.81'),
(716, 10178, 69, 34, '67.82'),
(717, 10178, 75, 27, '65.75'),
(718, 10178, 77, 21, '68.77'),
(719, 10178, 79, 30, '64.15'),
(720, 10178, 100, 34, '86.90'),
(721, 10178, 101, 22, '91.74'),
(722, 10178, 108, 45, '68.11'),
(723, 10178, 109, 45, '41.71'),
(724, 10179, 31, 24, '82.79'),
(725, 10179, 60, 47, '105.04'),
(726, 10179, 83, 27, '66.65'),
(727, 10179, 86, 45, '86.90'),
(728, 10179, 91, 24, '63.97'),
(729, 10179, 93, 34, '43.20'),
(730, 10179, 98, 23, '75.81'),
(731, 10179, 104, 25, '98.48'),
(732, 10179, 105, 39, '80.00'),
(733, 10180, 1, 29, '76.56'),
(734, 10180, 3, 42, '99.91'),
(735, 10180, 4, 41, '164.61'),
(736, 10180, 10, 40, '131.04'),
(737, 10180, 32, 25, '48.46'),
(738, 10180, 47, 21, '59.06'),
(739, 10180, 54, 44, '147.31'),
(740, 10180, 58, 48, '98.05'),
(741, 10180, 62, 28, '61.70'),
(742, 10180, 66, 35, '60.95'),
(743, 10180, 84, 28, '68.71'),
(744, 10180, 87, 34, '33.39'),
(745, 10180, 92, 22, '102.05'),
(746, 10180, 96, 21, '74.85'),
(747, 10181, 7, 27, '155.66'),
(748, 10181, 12, 28, '113.92'),
(749, 10181, 14, 20, '67.03'),
(750, 10181, 16, 36, '107.10'),
(751, 10181, 18, 44, '124.56'),
(752, 10181, 21, 42, '124.44'),
(753, 10181, 24, 22, '74.69'),
(754, 10181, 25, 21, '129.45'),
(755, 10181, 34, 27, '130.68'),
(756, 10181, 40, 45, '147.33'),
(757, 10181, 43, 30, '73.17'),
(758, 10181, 45, 22, '120.53'),
(759, 10181, 46, 39, '137.04'),
(760, 10181, 59, 34, '45.28'),
(761, 10181, 71, 37, '32.85'),
(762, 10181, 74, 23, '54.49'),
(763, 10181, 78, 25, '122.17'),
(764, 10182, 19, 25, '83.22'),
(765, 10182, 20, 32, '44.21'),
(766, 10182, 23, 44, '159.80'),
(767, 10182, 27, 38, '54.49'),
(768, 10182, 29, 20, '105.52'),
(769, 10182, 33, 21, '135.00'),
(770, 10182, 44, 33, '86.31'),
(771, 10182, 50, 36, '88.35'),
(772, 10182, 55, 44, '61.29'),
(773, 10182, 56, 47, '63.20'),
(774, 10182, 61, 39, '31.86'),
(775, 10182, 64, 31, '39.87'),
(776, 10182, 67, 36, '87.24'),
(777, 10182, 70, 20, '116.27'),
(778, 10182, 73, 33, '73.62'),
(779, 10182, 76, 49, '95.30'),
(780, 10182, 80, 23, '34.88'),
(781, 10183, 2, 23, '180.01'),
(782, 10183, 6, 28, '127.06'),
(783, 10183, 9, 41, '114.80'),
(784, 10183, 17, 21, '108.50'),
(785, 10183, 35, 37, '91.18'),
(786, 10183, 36, 39, '51.22'),
(787, 10183, 38, 22, '90.06'),
(788, 10183, 52, 21, '118.66'),
(789, 10183, 53, 40, '42.26'),
(790, 10183, 82, 47, '81.81'),
(791, 10183, 90, 49, '52.36'),
(792, 10183, 103, 23, '85.98'),
(793, 10184, 15, 37, '105.47'),
(794, 10184, 26, 46, '145.72'),
(795, 10184, 28, 46, '119.05'),
(796, 10184, 30, 44, '60.77'),
(797, 10184, 40, 28, '165.95'),
(798, 10184, 57, 31, '57.22'),
(799, 10184, 65, 24, '117.57'),
(800, 10184, 68, 42, '30.06'),
(801, 10184, 81, 49, '114.73'),
(802, 10184, 85, 46, '84.75'),
(803, 10184, 88, 33, '52.49'),
(804, 10184, 89, 48, '59.03'),
(805, 10184, 94, 45, '92.60'),
(806, 10185, 8, 21, '195.33'),
(807, 10185, 11, 33, '146.55'),
(808, 10185, 13, 43, '147.07'),
(809, 10185, 39, 28, '124.30'),
(810, 10185, 42, 49, '94.79'),
(811, 10185, 49, 39, '127.82'),
(812, 10185, 51, 47, '87.77'),
(813, 10185, 63, 30, '105.69'),
(814, 10185, 72, 33, '83.20'),
(815, 10185, 95, 20, '46.86'),
(816, 10185, 97, 21, '64.67'),
(817, 10185, 99, 30, '79.68'),
(818, 10185, 102, 39, '61.44'),
(819, 10185, 106, 37, '99.17'),
(820, 10185, 107, 22, '93.35'),
(821, 10185, 110, 28, '47.50'),
(822, 10186, 5, 26, '108.80'),
(823, 10186, 22, 32, '137.19'),
(824, 10186, 37, 32, '73.12'),
(825, 10186, 48, 46, '98.46'),
(826, 10186, 69, 22, '60.29'),
(827, 10186, 75, 21, '59.83'),
(828, 10186, 77, 36, '68.77'),
(829, 10186, 100, 24, '80.56'),
(830, 10186, 109, 28, '42.71'),
(831, 10187, 31, 45, '70.12'),
(832, 10187, 60, 46, '96.29'),
(833, 10187, 79, 43, '55.96'),
(834, 10187, 83, 33, '64.48'),
(835, 10187, 91, 31, '61.22'),
(836, 10187, 93, 41, '39.71'),
(837, 10187, 98, 34, '84.95'),
(838, 10187, 101, 44, '95.73'),
(839, 10187, 105, 34, '72.00'),
(840, 10187, 108, 44, '70.33'),
(841, 10188, 1, 48, '95.70'),
(842, 10188, 3, 38, '111.80'),
(843, 10188, 4, 45, '182.04'),
(844, 10188, 32, 32, '52.09'),
(845, 10188, 58, 25, '95.80'),
(846, 10188, 62, 40, '61.70'),
(847, 10188, 86, 44, '81.91'),
(848, 10188, 104, 29, '96.11'),
(849, 10189, 10, 28, '138.57'),
(850, 10190, 66, 42, '58.87'),
(851, 10190, 87, 46, '38.62'),
(852, 10190, 92, 42, '89.80'),
(853, 10190, 96, 40, '67.53'),
(854, 10191, 7, 21, '155.66'),
(855, 10191, 12, 40, '104.52'),
(856, 10191, 14, 30, '70.22'),
(857, 10191, 43, 36, '75.59'),
(858, 10191, 45, 23, '119.06'),
(859, 10191, 47, 43, '60.93'),
(860, 10191, 54, 32, '136.90'),
(861, 10191, 74, 48, '53.27'),
(862, 10191, 84, 44, '77.61'),
(863, 10192, 16, 27, '99.04'),
(864, 10192, 18, 22, '140.12'),
(865, 10192, 21, 29, '100.80'),
(866, 10192, 24, 45, '70.84'),
(867, 10192, 25, 47, '128.03'),
(868, 10192, 34, 38, '110.88'),
(869, 10192, 40, 26, '137.17'),
(870, 10192, 46, 45, '125.74'),
(871, 10192, 56, 37, '72.02'),
(872, 10192, 59, 47, '49.30'),
(873, 10192, 67, 46, '86.33'),
(874, 10192, 70, 23, '112.74'),
(875, 10192, 71, 30, '33.23'),
(876, 10192, 73, 32, '69.34'),
(877, 10192, 76, 46, '93.16'),
(878, 10192, 78, 45, '112.34'),
(879, 10193, 19, 28, '92.47'),
(880, 10193, 20, 46, '46.36'),
(881, 10193, 23, 21, '153.00'),
(882, 10193, 27, 42, '60.54'),
(883, 10193, 29, 44, '115.69'),
(884, 10193, 33, 22, '143.44'),
(885, 10193, 35, 28, '87.13'),
(886, 10193, 36, 24, '53.09'),
(887, 10193, 38, 23, '97.39'),
(888, 10193, 44, 32, '79.37'),
(889, 10193, 50, 24, '92.03'),
(890, 10193, 55, 25, '66.28'),
(891, 10193, 61, 26, '32.19'),
(892, 10193, 64, 20, '44.80'),
(893, 10193, 80, 22, '38.16'),
(894, 10193, 82, 20, '92.52'),
(895, 10194, 2, 42, '203.59'),
(896, 10194, 6, 26, '134.44'),
(897, 10194, 9, 38, '124.37'),
(898, 10194, 17, 21, '103.84'),
(899, 10194, 30, 45, '51.05'),
(900, 10194, 52, 32, '113.82'),
(901, 10194, 53, 41, '47.79'),
(902, 10194, 65, 49, '112.46'),
(903, 10194, 85, 37, '77.05'),
(904, 10194, 90, 39, '61.41'),
(905, 10194, 103, 26, '80.92'),
(906, 10195, 15, 49, '118.50'),
(907, 10195, 26, 27, '139.17'),
(908, 10195, 28, 35, '112.91'),
(909, 10195, 40, 50, '150.71'),
(910, 10195, 57, 44, '54.33'),
(911, 10195, 68, 32, '31.82'),
(912, 10195, 81, 34, '95.81'),
(913, 10195, 88, 32, '51.95'),
(914, 10195, 89, 33, '59.03'),
(915, 10195, 94, 49, '97.23'),
(916, 10196, 8, 47, '203.64'),
(917, 10196, 11, 24, '151.08'),
(918, 10196, 13, 38, '147.07'),
(919, 10196, 39, 49, '127.03'),
(920, 10196, 42, 35, '81.68'),
(921, 10196, 49, 27, '126.39'),
(922, 10196, 95, 46, '56.82'),
(923, 10196, 99, 50, '84.88'),
(924, 10197, 5, 45, '118.32'),
(925, 10197, 37, 46, '83.44'),
(926, 10197, 48, 22, '85.75'),
(927, 10197, 51, 50, '78.99'),
(928, 10197, 63, 41, '109.37'),
(929, 10197, 72, 47, '83.20'),
(930, 10197, 77, 22, '67.93'),
(931, 10197, 97, 23, '60.00'),
(932, 10197, 100, 24, '78.75'),
(933, 10197, 102, 50, '66.50'),
(934, 10197, 106, 27, '100.17'),
(935, 10197, 107, 35, '88.39'),
(936, 10197, 109, 29, '39.73'),
(937, 10197, 110, 42, '48.59'),
(938, 10198, 22, 42, '149.81'),
(939, 10198, 69, 48, '60.97'),
(940, 10198, 75, 27, '61.81'),
(941, 10198, 79, 43, '65.51'),
(942, 10198, 101, 42, '94.73'),
(943, 10198, 108, 40, '74.03'),
(944, 10199, 93, 29, '37.97'),
(945, 10199, 98, 48, '81.29'),
(946, 10199, 105, 38, '70.40'),
(947, 10200, 31, 28, '74.34'),
(948, 10200, 60, 33, '99.57'),
(949, 10200, 83, 39, '70.28'),
(950, 10200, 86, 35, '80.91'),
(951, 10200, 91, 27, '65.35'),
(952, 10200, 104, 39, '115.09'),
(953, 10201, 1, 22, '82.30'),
(954, 10201, 3, 24, '116.56'),
(955, 10201, 4, 49, '191.72'),
(956, 10201, 10, 25, '126.52'),
(957, 10201, 32, 30, '48.46'),
(958, 10201, 58, 39, '93.54'),
(959, 10201, 62, 25, '66.27'),
(960, 10202, 47, 30, '55.33'),
(961, 10202, 54, 43, '124.99'),
(962, 10202, 66, 50, '56.10'),
(963, 10202, 84, 50, '75.18'),
(964, 10202, 87, 27, '33.39'),
(965, 10202, 92, 31, '81.64'),
(966, 10202, 96, 40, '79.73'),
(967, 10203, 7, 20, '161.49'),
(968, 10203, 12, 20, '111.57'),
(969, 10203, 14, 44, '63.84'),
(970, 10203, 16, 47, '115.16'),
(971, 10203, 24, 45, '73.15'),
(972, 10203, 40, 48, '157.49'),
(973, 10203, 43, 33, '66.74'),
(974, 10203, 45, 32, '127.88'),
(975, 10203, 71, 21, '33.23'),
(976, 10203, 74, 34, '56.94'),
(977, 10203, 78, 47, '140.43'),
(978, 10204, 18, 42, '114.65'),
(979, 10204, 21, 40, '113.24'),
(980, 10204, 23, 33, '153.00'),
(981, 10204, 25, 38, '133.72'),
(982, 10204, 27, 23, '59.33'),
(983, 10204, 29, 26, '119.50'),
(984, 10204, 34, 27, '106.92'),
(985, 10204, 46, 35, '132.80'),
(986, 10204, 50, 29, '83.75'),
(987, 10204, 55, 45, '69.84'),
(988, 10204, 56, 20, '69.82'),
(989, 10204, 59, 45, '46.79'),
(990, 10204, 67, 47, '79.06'),
(991, 10204, 70, 42, '112.74'),
(992, 10204, 73, 40, '84.75'),
(993, 10204, 76, 48, '104.94'),
(994, 10204, 80, 39, '34.88'),
(995, 10205, 19, 36, '98.63'),
(996, 10205, 20, 48, '45.82'),
(997, 10205, 33, 40, '138.38'),
(998, 10205, 61, 32, '27.88'),
(999, 10205, 64, 24, '36.74'),
(1000, 10206, 2, 47, '203.59'),
(1001, 10206, 9, 28, '109.34'),
(1002, 10206, 17, 34, '115.50'),
(1003, 10206, 35, 37, '98.27'),
(1004, 10206, 36, 28, '51.84'),
(1005, 10206, 38, 30, '102.63'),
(1006, 10206, 44, 28, '99.21'),
(1007, 10206, 53, 21, '45.78'),
(1008, 10206, 82, 33, '95.44'),
(1009, 10206, 90, 36, '54.94'),
(1010, 10206, 103, 33, '89.01'),
(1011, 10207, 6, 31, '125.58'),
(1012, 10207, 15, 34, '95.99'),
(1013, 10207, 26, 44, '140.81'),
(1014, 10207, 28, 43, '109.23'),
(1015, 10207, 30, 37, '60.77'),
(1016, 10207, 40, 25, '140.55'),
(1017, 10207, 49, 40, '143.62'),
(1018, 10207, 52, 47, '119.87'),
(1019, 10207, 57, 49, '57.80'),
(1020, 10207, 65, 46, '127.79'),
(1021, 10207, 68, 42, '30.76'),
(1022, 10207, 81, 28, '108.82'),
(1023, 10207, 85, 49, '84.75'),
(1024, 10207, 88, 27, '51.95'),
(1025, 10207, 89, 45, '55.30'),
(1026, 10207, 94, 28, '106.49'),
(1027, 10208, 8, 46, '176.63'),
(1028, 10208, 11, 26, '128.42'),
(1029, 10208, 13, 20, '152.26'),
(1030, 10208, 39, 24, '117.47'),
(1031, 10208, 42, 48, '96.81'),
(1032, 10208, 51, 45, '72.85'),
(1033, 10208, 63, 35, '122.89'),
(1034, 10208, 72, 20, '80.54'),
(1035, 10208, 95, 30, '57.99'),
(1036, 10208, 97, 38, '56.67'),
(1037, 10208, 99, 40, '73.62'),
(1038, 10208, 102, 46, '63.61'),
(1039, 10208, 106, 37, '95.16'),
(1040, 10208, 107, 33, '95.34'),
(1041, 10208, 110, 42, '48.05'),
(1042, 10209, 5, 39, '129.20'),
(1043, 10209, 37, 28, '82.58'),
(1044, 10209, 48, 20, '97.40'),
(1045, 10209, 69, 43, '66.45'),
(1046, 10209, 75, 36, '56.55'),
(1047, 10209, 77, 22, '79.67'),
(1048, 10209, 100, 33, '90.52'),
(1049, 10209, 109, 48, '44.20'),
(1050, 10210, 3, 23, '112.99'),
(1051, 10210, 4, 34, '189.79'),
(1052, 10210, 22, 31, '141.92'),
(1053, 10210, 31, 50, '68.43'),
(1054, 10210, 32, 40, '51.48'),
(1055, 10210, 60, 27, '100.67'),
(1056, 10210, 62, 30, '63.22'),
(1057, 10210, 79, 29, '56.64'),
(1058, 10210, 83, 40, '68.10'),
(1059, 10210, 86, 46, '84.91'),
(1060, 10210, 91, 39, '57.10'),
(1061, 10210, 93, 43, '43.20'),
(1062, 10210, 98, 21, '87.69'),
(1063, 10210, 101, 26, '93.74'),
(1064, 10210, 104, 25, '98.48'),
(1065, 10210, 105, 31, '64.00'),
(1066, 10210, 108, 42, '60.70'),
(1067, 10211, 1, 41, '90.92'),
(1068, 10211, 7, 41, '171.22'),
(1069, 10211, 10, 36, '126.52'),
(1070, 10211, 14, 28, '79.80'),
(1071, 10211, 43, 35, '73.17'),
(1072, 10211, 45, 28, '138.17'),
(1073, 10211, 47, 46, '60.30'),
(1074, 10211, 54, 41, '148.80'),
(1075, 10211, 58, 25, '109.32'),
(1076, 10211, 66, 21, '62.33'),
(1077, 10211, 74, 48, '52.66'),
(1078, 10211, 84, 22, '80.84'),
(1079, 10211, 87, 41, '39.83'),
(1080, 10211, 92, 37, '94.91'),
(1081, 10211, 96, 40, '70.78'),
(1082, 10212, 12, 39, '99.82'),
(1083, 10212, 16, 33, '110.55'),
(1084, 10212, 18, 29, '117.48'),
(1085, 10212, 21, 38, '105.77'),
(1086, 10212, 24, 20, '64.68'),
(1087, 10212, 25, 41, '133.72'),
(1088, 10212, 34, 40, '117.48'),
(1089, 10212, 40, 40, '155.79'),
(1090, 10212, 46, 45, '115.85'),
(1091, 10212, 56, 41, '61.73'),
(1092, 10212, 59, 45, '43.27'),
(1093, 10212, 67, 45, '81.78'),
(1094, 10212, 71, 34, '37.38'),
(1095, 10212, 73, 27, '77.91'),
(1096, 10212, 76, 46, '100.66'),
(1097, 10212, 78, 49, '117.96'),
(1098, 10213, 50, 38, '84.67'),
(1099, 10213, 55, 25, '58.44'),
(1100, 10213, 70, 27, '97.48'),
(1101, 10214, 23, 30, '166.60'),
(1102, 10214, 27, 21, '53.28'),
(1103, 10214, 29, 27, '125.86'),
(1104, 10214, 33, 50, '167.06'),
(1105, 10214, 61, 20, '32.19'),
(1106, 10214, 64, 49, '39.87'),
(1107, 10214, 80, 44, '38.57'),
(1108, 10215, 2, 35, '205.73'),
(1109, 10215, 17, 46, '100.34'),
(1110, 10215, 19, 27, '92.47'),
(1111, 10215, 20, 33, '53.91'),
(1112, 10215, 35, 49, '97.26'),
(1113, 10215, 36, 31, '56.21'),
(1114, 10215, 38, 49, '89.01'),
(1115, 10215, 44, 41, '84.33'),
(1116, 10215, 53, 46, '42.76'),
(1117, 10215, 82, 39, '94.47'),
(1118, 10216, 9, 43, '133.94'),
(1119, 10217, 6, 48, '132.97'),
(1120, 10217, 30, 35, '58.34'),
(1121, 10217, 52, 38, '118.66'),
(1122, 10217, 65, 28, '103.51'),
(1123, 10217, 85, 21, '78.97'),
(1124, 10217, 90, 39, '56.24'),
(1125, 10217, 103, 31, '90.02'),
(1126, 10218, 28, 22, '110.46'),
(1127, 10218, 40, 34, '152.41'),
(1128, 10219, 15, 48, '94.80'),
(1129, 10219, 26, 43, '132.62'),
(1130, 10219, 68, 21, '31.12'),
(1131, 10219, 88, 35, '47.62'),
(1132, 10220, 8, 32, '189.10'),
(1133, 10220, 11, 30, '151.08'),
(1134, 10220, 13, 27, '166.10'),
(1135, 10220, 49, 50, '126.39'),
(1136, 10220, 57, 26, '48.55'),
(1137, 10220, 81, 37, '101.72'),
(1138, 10220, 89, 20, '49.71'),
(1139, 10220, 94, 37, '92.60'),
(1140, 10220, 95, 30, '56.82'),
(1141, 10221, 39, 33, '133.86'),
(1142, 10221, 42, 23, '89.75'),
(1143, 10221, 51, 39, '84.26'),
(1144, 10221, 63, 49, '113.06'),
(1145, 10221, 99, 23, '69.29'),
(1146, 10222, 5, 49, '133.28'),
(1147, 10222, 22, 49, '137.19'),
(1148, 10222, 37, 49, '79.14'),
(1149, 10222, 48, 45, '88.93'),
(1150, 10222, 69, 32, '56.86'),
(1151, 10222, 72, 47, '74.35'),
(1152, 10222, 75, 43, '61.15'),
(1153, 10222, 77, 46, '77.99'),
(1154, 10222, 79, 48, '55.27'),
(1155, 10222, 97, 31, '58.67'),
(1156, 10222, 100, 26, '80.56'),
(1157, 10222, 101, 37, '90.75'),
(1158, 10222, 102, 36, '69.39'),
(1159, 10222, 106, 38, '84.14'),
(1160, 10222, 107, 31, '81.43'),
(1161, 10222, 108, 43, '66.63'),
(1162, 10222, 109, 31, '45.19'),
(1163, 10222, 110, 36, '48.59'),
(1164, 10223, 1, 37, '80.39'),
(1165, 10223, 3, 47, '110.61'),
(1166, 10223, 4, 49, '189.79'),
(1167, 10223, 31, 47, '67.58'),
(1168, 10223, 32, 28, '58.75'),
(1169, 10223, 58, 32, '104.81'),
(1170, 10223, 60, 34, '87.54'),
(1171, 10223, 62, 38, '60.94'),
(1172, 10223, 83, 23, '68.10'),
(1173, 10223, 86, 21, '90.90'),
(1174, 10223, 91, 20, '66.73'),
(1175, 10223, 93, 41, '41.02'),
(1176, 10223, 98, 25, '84.03'),
(1177, 10223, 104, 29, '113.90'),
(1178, 10223, 105, 26, '79.20'),
(1179, 10224, 10, 43, '141.58'),
(1180, 10224, 47, 38, '57.20'),
(1181, 10224, 66, 37, '60.26'),
(1182, 10224, 87, 43, '37.01'),
(1183, 10224, 92, 30, '94.91'),
(1184, 10224, 96, 50, '81.36'),
(1185, 10225, 7, 27, '157.60'),
(1186, 10225, 12, 25, '101.00'),
(1187, 10225, 14, 37, '64.64'),
(1188, 10225, 16, 21, '100.19'),
(1189, 10225, 18, 32, '116.06'),
(1190, 10225, 24, 47, '71.61'),
(1191, 10225, 40, 43, '162.57'),
(1192, 10225, 43, 37, '69.96'),
(1193, 10225, 45, 27, '119.06'),
(1194, 10225, 54, 35, '135.41'),
(1195, 10225, 71, 42, '34.74'),
(1196, 10225, 74, 24, '51.43'),
(1197, 10225, 78, 40, '130.60'),
(1198, 10225, 84, 46, '77.61'),
(1199, 10226, 21, 38, '108.26'),
(1200, 10226, 25, 24, '129.45'),
(1201, 10226, 34, 24, '125.40'),
(1202, 10226, 46, 46, '122.91'),
(1203, 10226, 56, 21, '65.41'),
(1204, 10226, 59, 36, '47.79'),
(1205, 10226, 76, 48, '95.30'),
(1206, 10227, 19, 25, '85.27'),
(1207, 10227, 20, 31, '50.14'),
(1208, 10227, 23, 26, '136.00'),
(1209, 10227, 27, 28, '59.93'),
(1210, 10227, 29, 46, '118.23'),
(1211, 10227, 33, 29, '146.81'),
(1212, 10227, 44, 33, '99.21'),
(1213, 10227, 50, 34, '87.43'),
(1214, 10227, 55, 37, '70.56'),
(1215, 10227, 61, 42, '27.22'),
(1216, 10227, 64, 24, '39.42'),
(1217, 10227, 67, 47, '84.51'),
(1218, 10227, 70, 33, '102.17'),
(1219, 10227, 73, 40, '78.76'),
(1220, 10227, 80, 27, '34.88'),
(1221, 10228, 2, 29, '214.30'),
(1222, 10228, 17, 32, '100.34'),
(1223, 10228, 35, 24, '101.31'),
(1224, 10228, 36, 45, '57.46'),
(1225, 10228, 38, 31, '100.53'),
(1226, 10228, 82, 33, '84.73'),
(1227, 10229, 6, 50, '138.88'),
(1228, 10229, 9, 25, '110.70'),
(1229, 10229, 15, 36, '95.99'),
(1230, 10229, 28, 26, '104.32'),
(1231, 10229, 30, 28, '53.48'),
(1232, 10229, 40, 22, '157.49'),
(1233, 10229, 52, 41, '119.87'),
(1234, 10229, 53, 39, '43.77'),
(1235, 10229, 65, 48, '115.01'),
(1236, 10229, 68, 33, '34.65'),
(1237, 10229, 85, 25, '78.97'),
(1238, 10229, 88, 23, '49.78'),
(1239, 10229, 90, 30, '52.36'),
(1240, 10229, 103, 50, '91.04'),
(1241, 10230, 11, 43, '128.42'),
(1242, 10230, 26, 49, '153.91'),
(1243, 10230, 49, 42, '142.18'),
(1244, 10230, 57, 36, '47.40'),
(1245, 10230, 81, 45, '99.36'),
(1246, 10230, 89, 46, '59.03'),
(1247, 10230, 94, 34, '100.70'),
(1248, 10230, 95, 43, '57.41'),
(1249, 10231, 8, 42, '193.25'),
(1250, 10231, 13, 49, '147.07'),
(1251, 10232, 39, 22, '133.86'),
(1252, 10232, 42, 48, '97.81'),
(1253, 10232, 51, 23, '78.12'),
(1254, 10232, 63, 46, '113.06'),
(1255, 10232, 99, 26, '84.88'),
(1256, 10232, 106, 48, '86.15'),
(1257, 10232, 107, 35, '81.43'),
(1258, 10232, 110, 24, '48.59'),
(1259, 10233, 72, 40, '70.81'),
(1260, 10233, 97, 36, '66.00'),
(1261, 10233, 102, 29, '67.94'),
(1262, 10234, 5, 48, '118.32'),
(1263, 10234, 22, 50, '146.65'),
(1264, 10234, 37, 48, '84.30'),
(1265, 10234, 48, 39, '85.75'),
(1266, 10234, 69, 44, '67.14'),
(1267, 10234, 75, 25, '65.09'),
(1268, 10234, 77, 31, '78.83'),
(1269, 10234, 100, 29, '83.28'),
(1270, 10234, 109, 40, '45.69'),
(1271, 10235, 31, 24, '81.95'),
(1272, 10235, 60, 23, '89.72'),
(1273, 10235, 79, 33, '55.27'),
(1274, 10235, 83, 40, '63.03'),
(1275, 10235, 86, 41, '90.90'),
(1276, 10235, 91, 34, '66.73'),
(1277, 10235, 93, 41, '37.09'),
(1278, 10235, 98, 25, '88.60'),
(1279, 10235, 101, 38, '92.74'),
(1280, 10235, 104, 25, '116.28'),
(1281, 10235, 105, 32, '73.60'),
(1282, 10235, 108, 34, '70.33'),
(1283, 10236, 3, 22, '105.86'),
(1284, 10236, 32, 23, '52.70'),
(1285, 10236, 62, 36, '65.51'),
(1286, 10237, 1, 23, '91.87'),
(1287, 10237, 4, 39, '158.80'),
(1288, 10237, 10, 32, '129.53'),
(1289, 10237, 47, 26, '49.74'),
(1290, 10237, 58, 20, '109.32'),
(1291, 10237, 66, 26, '62.33'),
(1292, 10237, 87, 26, '35.00'),
(1293, 10237, 92, 27, '94.91'),
(1294, 10237, 96, 20, '78.92'),
(1295, 10238, 7, 28, '161.49'),
(1296, 10238, 12, 29, '104.52'),
(1297, 10238, 14, 20, '73.42'),
(1298, 10238, 43, 41, '68.35'),
(1299, 10238, 45, 49, '144.05'),
(1300, 10238, 54, 44, '120.53'),
(1301, 10238, 74, 47, '53.88'),
(1302, 10238, 84, 22, '67.91'),
(1303, 10239, 16, 21, '100.19'),
(1304, 10239, 24, 46, '70.07'),
(1305, 10239, 40, 47, '135.47'),
(1306, 10239, 71, 20, '32.47'),
(1307, 10239, 78, 29, '133.41'),
(1308, 10240, 18, 41, '125.97'),
(1309, 10240, 25, 37, '136.56'),
(1310, 10240, 46, 37, '134.22'),
(1311, 10241, 21, 21, '119.46'),
(1312, 10241, 23, 41, '153.00'),
(1313, 10241, 27, 33, '55.70'),
(1314, 10241, 34, 44, '126.72'),
(1315, 10241, 50, 42, '77.31'),
(1316, 10241, 55, 30, '62.72'),
(1317, 10241, 56, 22, '72.02'),
(1318, 10241, 59, 21, '47.29'),
(1319, 10241, 67, 47, '89.05'),
(1320, 10241, 70, 28, '117.44'),
(1321, 10241, 73, 26, '69.34'),
(1322, 10241, 76, 27, '107.08'),
(1323, 10242, 80, 46, '36.52'),
(1324, 10243, 29, 47, '111.87'),
(1325, 10243, 61, 33, '30.87'),
(1326, 10244, 19, 40, '99.66'),
(1327, 10244, 20, 20, '48.52'),
(1328, 10244, 33, 43, '141.75'),
(1329, 10244, 35, 30, '87.13'),
(1330, 10244, 36, 24, '54.96'),
(1331, 10244, 38, 29, '85.87'),
(1332, 10244, 44, 36, '87.30'),
(1333, 10244, 64, 39, '42.11'),
(1334, 10244, 82, 40, '97.39'),
(1335, 10245, 2, 34, '195.01'),
(1336, 10245, 6, 28, '147.74'),
(1337, 10245, 9, 38, '120.27'),
(1338, 10245, 17, 29, '114.34'),
(1339, 10245, 52, 21, '111.39'),
(1340, 10245, 53, 45, '48.80'),
(1341, 10245, 85, 37, '81.86'),
(1342, 10245, 90, 44, '54.94'),
(1343, 10245, 103, 44, '81.93'),
(1344, 10246, 15, 46, '99.54'),
(1345, 10246, 26, 40, '144.08'),
(1346, 10246, 28, 22, '100.64'),
(1347, 10246, 30, 30, '57.73'),
(1348, 10246, 40, 36, '145.63'),
(1349, 10246, 57, 44, '46.24'),
(1350, 10246, 65, 29, '118.84'),
(1351, 10246, 68, 49, '34.65'),
(1352, 10246, 81, 46, '100.54'),
(1353, 10246, 88, 35, '45.45'),
(1354, 10246, 94, 22, '113.44'),
(1355, 10247, 8, 44, '195.33'),
(1356, 10247, 11, 25, '140.50'),
(1357, 10247, 13, 27, '167.83'),
(1358, 10247, 49, 48, '143.62'),
(1359, 10247, 89, 40, '58.41'),
(1360, 10247, 95, 49, '51.55'),
(1361, 10248, 5, 20, '126.48'),
(1362, 10248, 37, 21, '80.86'),
(1363, 10248, 39, 32, '133.86'),
(1364, 10248, 42, 42, '95.80'),
(1365, 10248, 51, 42, '87.77'),
(1366, 10248, 63, 48, '122.89'),
(1367, 10248, 72, 30, '85.85'),
(1368, 10248, 77, 23, '83.02'),
(1369, 10248, 97, 36, '66.00'),
(1370, 10248, 99, 40, '81.41'),
(1371, 10248, 102, 32, '69.39'),
(1372, 10248, 106, 30, '84.14'),
(1373, 10248, 107, 35, '92.36'),
(1374, 10248, 110, 23, '53.51'),
(1375, 10249, 48, 46, '88.93'),
(1376, 10249, 69, 20, '54.81'),
(1377, 10249, 75, 25, '65.75'),
(1378, 10249, 100, 40, '85.99'),
(1379, 10249, 109, 32, '49.16'),
(1380, 10250, 22, 45, '148.23'),
(1381, 10250, 31, 27, '84.48'),
(1382, 10250, 60, 31, '95.20'),
(1383, 10250, 62, 32, '63.22'),
(1384, 10250, 79, 40, '61.42'),
(1385, 10250, 83, 37, '72.45'),
(1386, 10250, 86, 31, '99.89'),
(1387, 10250, 91, 50, '62.60'),
(1388, 10250, 93, 36, '36.66'),
(1389, 10250, 98, 31, '91.34'),
(1390, 10250, 101, 35, '90.75'),
(1391, 10250, 104, 44, '98.48'),
(1392, 10250, 105, 44, '76.00'),
(1393, 10250, 108, 38, '65.89'),
(1394, 10251, 1, 59, '93.79'),
(1395, 10251, 3, 44, '115.37'),
(1396, 10251, 4, 43, '172.36'),
(1397, 10251, 10, 46, '129.53'),
(1398, 10251, 32, 44, '58.15'),
(1399, 10251, 58, 50, '91.29'),
(1400, 10252, 43, 20, '74.78'),
(1401, 10252, 45, 41, '145.52'),
(1402, 10252, 47, 31, '50.36'),
(1403, 10252, 54, 26, '127.97'),
(1404, 10252, 66, 47, '63.03'),
(1405, 10252, 84, 38, '69.52'),
(1406, 10252, 87, 36, '36.21'),
(1407, 10252, 92, 25, '93.89'),
(1408, 10252, 96, 48, '72.41'),
(1409, 10253, 7, 24, '157.60'),
(1410, 10253, 12, 22, '102.17'),
(1411, 10253, 14, 25, '67.03'),
(1412, 10253, 16, 41, '109.40'),
(1413, 10253, 18, 26, '130.22'),
(1414, 10253, 21, 24, '103.29'),
(1415, 10253, 24, 23, '67.76'),
(1416, 10253, 25, 33, '130.87'),
(1417, 10253, 34, 37, '114.84'),
(1418, 10253, 40, 40, '145.63'),
(1419, 10253, 46, 31, '139.87'),
(1420, 10253, 71, 40, '34.74'),
(1421, 10253, 74, 24, '50.82'),
(1422, 10253, 78, 39, '115.15'),
(1423, 10254, 23, 49, '137.70'),
(1424, 10254, 27, 36, '55.09'),
(1425, 10254, 29, 41, '102.98'),
(1426, 10254, 50, 34, '80.99'),
(1427, 10254, 55, 30, '59.87'),
(1428, 10254, 56, 34, '66.88'),
(1429, 10254, 59, 32, '43.27'),
(1430, 10254, 61, 38, '28.88'),
(1431, 10254, 67, 31, '85.42'),
(1432, 10254, 70, 33, '111.57'),
(1433, 10254, 73, 42, '69.34'),
(1434, 10254, 76, 49, '101.73'),
(1435, 10254, 80, 20, '39.80'),
(1436, 10255, 33, 24, '135.00'),
(1437, 10255, 64, 37, '37.63'),
(1438, 10256, 19, 34, '93.49'),
(1439, 10256, 20, 29, '52.83'),
(1440, 10257, 35, 50, '92.19'),
(1441, 10257, 36, 49, '59.34'),
(1442, 10257, 38, 37, '83.78'),
(1443, 10257, 44, 26, '91.27'),
(1444, 10257, 82, 46, '81.81'),
(1445, 10258, 2, 32, '177.87'),
(1446, 10258, 9, 41, '133.94'),
(1447, 10258, 17, 41, '113.17'),
(1448, 10258, 53, 21, '49.81'),
(1449, 10258, 90, 20, '62.70'),
(1450, 10258, 103, 45, '86.99'),
(1451, 10259, 6, 26, '121.15'),
(1452, 10259, 15, 46, '117.32'),
(1453, 10259, 26, 30, '134.26'),
(1454, 10259, 28, 34, '120.28'),
(1455, 10259, 30, 30, '59.55'),
(1456, 10259, 40, 27, '152.41'),
(1457, 10259, 52, 41, '107.76'),
(1458, 10259, 57, 28, '46.82'),
(1459, 10259, 65, 47, '121.40'),
(1460, 10259, 68, 31, '31.47'),
(1461, 10259, 85, 45, '95.35'),
(1462, 10259, 88, 40, '45.99'),
(1463, 10259, 94, 29, '105.33'),
(1464, 10260, 8, 46, '180.79'),
(1465, 10260, 11, 30, '140.50'),
(1466, 10260, 13, 44, '169.56'),
(1467, 10260, 39, 32, '121.57'),
(1468, 10260, 42, 29, '92.77'),
(1469, 10260, 49, 23, '137.88'),
(1470, 10260, 81, 23, '117.10'),
(1471, 10260, 89, 27, '55.30'),
(1472, 10260, 95, 21, '56.24'),
(1473, 10260, 99, 33, '80.55'),
(1474, 10261, 5, 27, '116.96'),
(1475, 10261, 51, 20, '80.75'),
(1476, 10261, 63, 36, '105.69'),
(1477, 10261, 72, 22, '79.66'),
(1478, 10261, 97, 34, '64.00'),
(1479, 10261, 102, 44, '58.55'),
(1480, 10261, 106, 25, '89.15'),
(1481, 10261, 107, 50, '88.39'),
(1482, 10261, 110, 29, '43.68'),
(1483, 10262, 22, 49, '157.69'),
(1484, 10262, 37, 32, '81.72'),
(1485, 10262, 48, 34, '85.75'),
(1486, 10262, 60, 34, '98.48'),
(1487, 10262, 69, 24, '63.71'),
(1488, 10262, 75, 46, '65.75'),
(1489, 10262, 77, 49, '82.18'),
(1490, 10262, 79, 48, '58.69'),
(1491, 10262, 91, 40, '63.97'),
(1492, 10262, 93, 49, '35.78'),
(1493, 10262, 98, 40, '87.69'),
(1494, 10262, 100, 44, '83.28'),
(1495, 10262, 101, 33, '81.77'),
(1496, 10262, 105, 27, '64.80'),
(1497, 10262, 108, 35, '64.41'),
(1498, 10262, 109, 21, '41.71'),
(1499, 10263, 1, 34, '89.00'),
(1500, 10263, 3, 40, '107.05'),
(1501, 10263, 4, 41, '193.66'),
(1502, 10263, 10, 48, '123.51'),
(1503, 10263, 31, 33, '67.58'),
(1504, 10263, 32, 34, '50.27'),
(1505, 10263, 58, 42, '109.32'),
(1506, 10263, 62, 37, '67.03'),
(1507, 10263, 83, 24, '59.41'),
(1508, 10263, 86, 31, '93.90'),
(1509, 10263, 104, 47, '117.46'),
(1510, 10264, 47, 48, '58.44'),
(1511, 10264, 54, 20, '124.99'),
(1512, 10264, 66, 37, '61.64'),
(1513, 10264, 84, 47, '75.18'),
(1514, 10264, 87, 20, '39.02'),
(1515, 10264, 92, 34, '100.01'),
(1516, 10264, 96, 47, '67.53'),
(1517, 10265, 43, 45, '74.78'),
(1518, 10265, 45, 49, '123.47'),
(1519, 10266, 7, 44, '188.73'),
(1520, 10266, 12, 22, '110.39'),
(1521, 10266, 14, 35, '67.83'),
(1522, 10266, 16, 40, '112.86'),
(1523, 10266, 18, 21, '131.63'),
(1524, 10266, 21, 36, '99.55'),
(1525, 10266, 24, 33, '77.00'),
(1526, 10266, 25, 49, '139.41'),
(1527, 10266, 34, 20, '113.52'),
(1528, 10266, 40, 29, '137.17'),
(1529, 10266, 46, 33, '127.15'),
(1530, 10266, 59, 28, '40.25'),
(1531, 10266, 71, 34, '35.12'),
(1532, 10266, 74, 47, '56.33'),
(1533, 10266, 78, 24, '119.37'),
(1534, 10267, 55, 36, '71.27'),
(1535, 10267, 56, 40, '72.02'),
(1536, 10267, 67, 38, '76.33'),
(1537, 10267, 70, 43, '93.95'),
(1538, 10267, 73, 44, '83.90'),
(1539, 10267, 76, 43, '98.51'),
(1540, 10268, 19, 49, '93.49'),
(1541, 10268, 20, 26, '45.82'),
(1542, 10268, 23, 34, '164.90'),
(1543, 10268, 27, 31, '60.54'),
(1544, 10268, 29, 50, '124.59'),
(1545, 10268, 33, 35, '148.50'),
(1546, 10268, 44, 39, '96.23'),
(1547, 10268, 50, 35, '84.67'),
(1548, 10268, 61, 33, '31.86'),
(1549, 10268, 64, 40, '36.29'),
(1550, 10268, 80, 30, '37.75'),
(1551, 10269, 36, 32, '57.46'),
(1552, 10269, 82, 48, '95.44'),
(1553, 10270, 2, 21, '171.44'),
(1554, 10270, 6, 32, '124.10'),
(1555, 10270, 9, 28, '135.30'),
(1556, 10270, 17, 43, '94.50'),
(1557, 10270, 35, 31, '81.05'),
(1558, 10270, 38, 38, '85.87'),
(1559, 10270, 52, 38, '107.76'),
(1560, 10270, 53, 44, '40.25'),
(1561, 10270, 85, 32, '93.42'),
(1562, 10270, 90, 21, '52.36'),
(1563, 10270, 103, 46, '101.15'),
(1564, 10271, 15, 31, '99.54'),
(1565, 10271, 26, 50, '147.36'),
(1566, 10271, 28, 50, '121.50'),
(1567, 10271, 30, 25, '59.55'),
(1568, 10271, 40, 20, '169.34'),
(1569, 10271, 57, 45, '49.71'),
(1570, 10271, 65, 43, '122.68'),
(1571, 10271, 68, 38, '28.64'),
(1572, 10271, 81, 22, '110.00'),
(1573, 10271, 88, 35, '51.95'),
(1574, 10271, 94, 34, '93.76'),
(1575, 10272, 8, 35, '187.02'),
(1576, 10272, 11, 27, '123.89'),
(1577, 10272, 13, 39, '148.80'),
(1578, 10272, 49, 25, '126.39'),
(1579, 10272, 89, 45, '56.55'),
(1580, 10272, 95, 43, '53.89'),
(1581, 10273, 5, 30, '136.00'),
(1582, 10273, 37, 34, '84.30'),
(1583, 10273, 39, 40, '117.47'),
(1584, 10273, 42, 47, '87.73'),
(1585, 10273, 48, 50, '105.87'),
(1586, 10273, 51, 33, '72.85'),
(1587, 10273, 63, 22, '103.23'),
(1588, 10273, 72, 27, '84.08'),
(1589, 10273, 77, 48, '83.86'),
(1590, 10273, 97, 21, '66.00'),
(1591, 10273, 99, 21, '77.95'),
(1592, 10273, 102, 42, '57.82'),
(1593, 10273, 106, 40, '91.15'),
(1594, 10273, 107, 26, '89.38'),
(1595, 10273, 110, 37, '51.32'),
(1596, 10274, 22, 41, '129.31'),
(1597, 10274, 69, 40, '56.86'),
(1598, 10274, 75, 24, '65.09'),
(1599, 10274, 100, 24, '75.13'),
(1600, 10274, 109, 32, '49.66'),
(1601, 10275, 1, 45, '81.35'),
(1602, 10275, 3, 22, '115.37'),
(1603, 10275, 4, 36, '154.93'),
(1604, 10275, 31, 35, '70.12'),
(1605, 10275, 32, 37, '52.09'),
(1606, 10275, 58, 21, '105.94'),
(1607, 10275, 60, 25, '97.38'),
(1608, 10275, 62, 30, '61.70'),
(1609, 10275, 79, 41, '58.00'),
(1610, 10275, 83, 27, '67.38'),
(1611, 10275, 86, 23, '89.90'),
(1612, 10275, 91, 28, '58.47'),
(1613, 10275, 93, 38, '40.15'),
(1614, 10275, 98, 32, '85.86'),
(1615, 10275, 101, 39, '82.77'),
(1616, 10275, 104, 48, '102.04'),
(1617, 10275, 105, 43, '72.00'),
(1618, 10275, 108, 31, '59.96'),
(1619, 10276, 7, 50, '184.84'),
(1620, 10276, 10, 43, '150.62'),
(1621, 10276, 12, 47, '104.52'),
(1622, 10276, 14, 38, '67.83'),
(1623, 10276, 43, 38, '78.00'),
(1624, 10276, 45, 30, '139.64'),
(1625, 10276, 47, 33, '54.71'),
(1626, 10276, 54, 48, '120.53'),
(1627, 10276, 66, 46, '61.64'),
(1628, 10276, 74, 20, '58.17'),
(1629, 10276, 84, 48, '67.10'),
(1630, 10276, 87, 27, '35.40'),
(1631, 10276, 92, 38, '94.91'),
(1632, 10276, 96, 21, '67.53'),
(1633, 10277, 16, 28, '93.28'),
(1634, 10278, 18, 34, '114.65'),
(1635, 10278, 21, 23, '107.02'),
(1636, 10278, 24, 29, '73.15'),
(1637, 10278, 25, 29, '118.07'),
(1638, 10278, 34, 39, '117.48'),
(1639, 10278, 40, 42, '167.65'),
(1640, 10278, 46, 31, '114.44'),
(1641, 10278, 59, 35, '48.80'),
(1642, 10278, 71, 31, '37.38'),
(1643, 10278, 78, 25, '136.22'),
(1644, 10279, 55, 26, '68.42'),
(1645, 10279, 56, 32, '68.35'),
(1646, 10279, 67, 49, '76.33'),
(1647, 10279, 70, 48, '106.87'),
(1648, 10279, 73, 33, '78.76'),
(1649, 10279, 76, 48, '95.30'),
(1650, 10280, 2, 34, '205.73'),
(1651, 10280, 17, 24, '98.00'),
(1652, 10280, 19, 50, '87.33'),
(1653, 10280, 20, 27, '47.44'),
(1654, 10280, 23, 26, '161.50'),
(1655, 10280, 27, 25, '53.28'),
(1656, 10280, 29, 37, '109.33'),
(1657, 10280, 33, 22, '158.63'),
(1658, 10280, 35, 46, '82.06'),
(1659, 10280, 36, 43, '54.34'),
(1660, 10280, 38, 29, '102.63'),
(1661, 10280, 44, 34, '99.21'),
(1662, 10280, 50, 35, '77.31'),
(1663, 10280, 61, 20, '29.87'),
(1664, 10280, 64, 45, '36.29'),
(1665, 10280, 80, 33, '35.29'),
(1666, 10280, 82, 21, '79.86'),
(1667, 10281, 6, 44, '132.97'),
(1668, 10281, 9, 25, '127.10'),
(1669, 10281, 15, 41, '98.36'),
(1670, 10281, 28, 48, '114.14'),
(1671, 10281, 30, 29, '56.52'),
(1672, 10281, 40, 25, '135.47'),
(1673, 10281, 52, 25, '96.86'),
(1674, 10281, 53, 44, '42.76'),
(1675, 10281, 65, 25, '112.46'),
(1676, 10281, 68, 20, '33.95'),
(1677, 10281, 85, 29, '80.90'),
(1678, 10281, 88, 31, '44.91'),
(1679, 10281, 90, 36, '59.47');
INSERT INTO `order_details` (`id`, `order_id`, `product_id`, `quantity_order`, `price_each`) VALUES
(1680, 10281, 103, 27, '89.01'),
(1681, 10282, 8, 41, '176.63'),
(1682, 10282, 11, 27, '142.02'),
(1683, 10282, 13, 24, '169.56'),
(1684, 10282, 26, 23, '147.36'),
(1685, 10282, 39, 43, '122.93'),
(1686, 10282, 42, 36, '88.74'),
(1687, 10282, 49, 31, '132.13'),
(1688, 10282, 57, 29, '49.71'),
(1689, 10282, 81, 39, '96.99'),
(1690, 10282, 89, 36, '51.58'),
(1691, 10282, 94, 38, '114.59'),
(1692, 10282, 95, 37, '56.24'),
(1693, 10282, 99, 43, '77.95'),
(1694, 10283, 5, 25, '130.56'),
(1695, 10283, 37, 21, '78.28'),
(1696, 10283, 48, 46, '100.58'),
(1697, 10283, 51, 34, '71.97'),
(1698, 10283, 63, 42, '99.54'),
(1699, 10283, 72, 34, '80.54'),
(1700, 10283, 77, 33, '77.15'),
(1701, 10283, 97, 45, '62.00'),
(1702, 10283, 100, 20, '74.23'),
(1703, 10283, 102, 47, '68.67'),
(1704, 10283, 106, 22, '88.15'),
(1705, 10283, 107, 38, '85.41'),
(1706, 10283, 109, 43, '41.22'),
(1707, 10283, 110, 33, '49.14'),
(1708, 10284, 22, 45, '137.19'),
(1709, 10284, 31, 31, '68.43'),
(1710, 10284, 60, 22, '101.76'),
(1711, 10284, 69, 30, '65.08'),
(1712, 10284, 75, 39, '59.83'),
(1713, 10284, 79, 21, '65.51'),
(1714, 10284, 83, 21, '66.65'),
(1715, 10284, 91, 50, '60.54'),
(1716, 10284, 93, 33, '35.78'),
(1717, 10284, 98, 24, '87.69'),
(1718, 10284, 101, 45, '95.73'),
(1719, 10284, 105, 25, '68.00'),
(1720, 10284, 108, 32, '73.29'),
(1721, 10285, 1, 36, '95.70'),
(1722, 10285, 3, 47, '110.61'),
(1723, 10285, 4, 27, '166.55'),
(1724, 10285, 10, 49, '131.04'),
(1725, 10285, 32, 20, '50.88'),
(1726, 10285, 58, 34, '91.29'),
(1727, 10285, 62, 39, '61.70'),
(1728, 10285, 66, 38, '64.41'),
(1729, 10285, 86, 37, '82.91'),
(1730, 10285, 87, 37, '36.61'),
(1731, 10285, 92, 26, '100.01'),
(1732, 10285, 96, 39, '76.48'),
(1733, 10285, 104, 45, '102.04'),
(1734, 10286, 47, 38, '51.60'),
(1735, 10287, 7, 21, '190.68'),
(1736, 10287, 12, 45, '117.44'),
(1737, 10287, 14, 41, '74.21'),
(1738, 10287, 16, 23, '107.10'),
(1739, 10287, 18, 41, '113.23'),
(1740, 10287, 24, 44, '61.60'),
(1741, 10287, 25, 24, '123.76'),
(1742, 10287, 34, 44, '114.84'),
(1743, 10287, 40, 36, '137.17'),
(1744, 10287, 43, 43, '68.35'),
(1745, 10287, 45, 40, '127.88'),
(1746, 10287, 46, 27, '139.87'),
(1747, 10287, 54, 34, '119.04'),
(1748, 10287, 71, 36, '31.34'),
(1749, 10287, 74, 20, '58.17'),
(1750, 10287, 78, 36, '137.62'),
(1751, 10287, 84, 40, '79.22'),
(1752, 10288, 21, 20, '120.71'),
(1753, 10288, 23, 32, '168.30'),
(1754, 10288, 27, 28, '50.25'),
(1755, 10288, 29, 31, '102.98'),
(1756, 10288, 50, 35, '90.19'),
(1757, 10288, 55, 23, '57.02'),
(1758, 10288, 56, 36, '66.88'),
(1759, 10288, 59, 50, '49.30'),
(1760, 10288, 61, 29, '32.19'),
(1761, 10288, 67, 35, '81.78'),
(1762, 10288, 70, 48, '109.22'),
(1763, 10288, 73, 34, '76.19'),
(1764, 10288, 76, 41, '101.73'),
(1765, 10288, 80, 33, '37.75'),
(1766, 10289, 19, 38, '92.47'),
(1767, 10289, 20, 24, '44.75'),
(1768, 10289, 33, 43, '141.75'),
(1769, 10289, 64, 45, '41.22'),
(1770, 10290, 44, 26, '80.36'),
(1771, 10290, 82, 45, '83.76'),
(1772, 10291, 2, 37, '210.01'),
(1773, 10291, 6, 30, '141.83'),
(1774, 10291, 9, 41, '123.00'),
(1775, 10291, 17, 41, '96.84'),
(1776, 10291, 30, 26, '52.26'),
(1777, 10291, 35, 47, '99.28'),
(1778, 10291, 36, 37, '56.21'),
(1779, 10291, 38, 23, '93.20'),
(1780, 10291, 52, 48, '96.86'),
(1781, 10291, 53, 29, '45.28'),
(1782, 10291, 65, 48, '109.90'),
(1783, 10291, 85, 26, '82.83'),
(1784, 10291, 90, 32, '53.00'),
(1785, 10291, 103, 28, '86.99'),
(1786, 10292, 15, 21, '94.80'),
(1787, 10292, 26, 26, '140.81'),
(1788, 10292, 28, 41, '103.09'),
(1789, 10292, 40, 21, '147.33'),
(1790, 10292, 49, 44, '114.90'),
(1791, 10292, 57, 40, '48.55'),
(1792, 10292, 68, 39, '34.30'),
(1793, 10292, 81, 27, '113.55'),
(1794, 10292, 88, 50, '54.11'),
(1795, 10292, 89, 31, '59.65'),
(1796, 10292, 94, 41, '113.44'),
(1797, 10292, 95, 35, '49.79'),
(1798, 10293, 8, 46, '187.02'),
(1799, 10293, 11, 24, '129.93'),
(1800, 10293, 13, 45, '171.29'),
(1801, 10293, 39, 24, '110.64'),
(1802, 10293, 42, 22, '91.76'),
(1803, 10293, 51, 49, '72.85'),
(1804, 10293, 63, 21, '111.83'),
(1805, 10293, 99, 29, '77.95'),
(1806, 10293, 110, 32, '51.32'),
(1807, 10294, 107, 45, '98.32'),
(1808, 10295, 5, 24, '136.00'),
(1809, 10295, 72, 46, '84.08'),
(1810, 10295, 97, 26, '62.00'),
(1811, 10295, 102, 44, '71.56'),
(1812, 10295, 106, 34, '93.16'),
(1813, 10296, 22, 36, '146.65'),
(1814, 10296, 37, 21, '69.68'),
(1815, 10296, 48, 22, '105.87'),
(1816, 10296, 69, 21, '60.97'),
(1817, 10296, 75, 31, '63.78'),
(1818, 10296, 77, 22, '83.02'),
(1819, 10296, 79, 32, '63.46'),
(1820, 10296, 93, 26, '41.02'),
(1821, 10296, 98, 42, '75.81'),
(1822, 10296, 100, 34, '89.61'),
(1823, 10296, 101, 24, '96.73'),
(1824, 10296, 105, 22, '74.40'),
(1825, 10296, 108, 47, '61.44'),
(1826, 10296, 109, 21, '46.68'),
(1827, 10297, 31, 25, '81.95'),
(1828, 10297, 60, 32, '107.23'),
(1829, 10297, 62, 32, '70.08'),
(1830, 10297, 83, 23, '71.73'),
(1831, 10297, 86, 26, '88.90'),
(1832, 10297, 91, 28, '63.29'),
(1833, 10297, 104, 35, '111.53'),
(1834, 10298, 3, 39, '105.86'),
(1835, 10298, 32, 32, '60.57'),
(1836, 10299, 1, 23, '76.56'),
(1837, 10299, 4, 29, '164.61'),
(1838, 10299, 10, 24, '123.51'),
(1839, 10299, 47, 39, '62.17'),
(1840, 10299, 54, 49, '119.04'),
(1841, 10299, 58, 47, '107.07'),
(1842, 10299, 66, 33, '58.87'),
(1843, 10299, 84, 32, '66.29'),
(1844, 10299, 87, 24, '36.21'),
(1845, 10299, 92, 38, '84.70'),
(1846, 10299, 96, 44, '77.29'),
(1847, 10300, 7, 33, '184.84'),
(1848, 10300, 12, 29, '116.27'),
(1849, 10300, 14, 22, '76.61'),
(1850, 10300, 16, 23, '95.58'),
(1851, 10300, 24, 41, '63.14'),
(1852, 10300, 43, 49, '65.94'),
(1853, 10300, 45, 23, '144.05'),
(1854, 10300, 74, 31, '52.05'),
(1855, 10301, 18, 37, '114.65'),
(1856, 10301, 21, 32, '118.22'),
(1857, 10301, 25, 47, '119.49'),
(1858, 10301, 34, 22, '113.52'),
(1859, 10301, 40, 23, '135.47'),
(1860, 10301, 46, 39, '137.04'),
(1861, 10301, 56, 27, '64.67'),
(1862, 10301, 59, 22, '40.75'),
(1863, 10301, 71, 48, '32.10'),
(1864, 10301, 76, 22, '86.73'),
(1865, 10301, 78, 50, '122.17'),
(1866, 10302, 23, 43, '166.60'),
(1867, 10302, 50, 38, '82.83'),
(1868, 10302, 55, 23, '70.56'),
(1869, 10302, 67, 49, '75.42'),
(1870, 10302, 70, 45, '104.52'),
(1871, 10302, 73, 48, '74.48'),
(1872, 10303, 27, 46, '56.91'),
(1873, 10303, 80, 24, '35.70'),
(1874, 10304, 2, 47, '201.44'),
(1875, 10304, 9, 39, '117.54'),
(1876, 10304, 17, 46, '106.17'),
(1877, 10304, 19, 37, '95.55'),
(1878, 10304, 20, 37, '46.90'),
(1879, 10304, 29, 24, '102.98'),
(1880, 10304, 33, 20, '141.75'),
(1881, 10304, 35, 46, '98.27'),
(1882, 10304, 36, 24, '54.34'),
(1883, 10304, 38, 26, '90.06'),
(1884, 10304, 44, 38, '95.24'),
(1885, 10304, 53, 34, '44.27'),
(1886, 10304, 61, 23, '29.21'),
(1887, 10304, 64, 44, '42.11'),
(1888, 10304, 82, 33, '80.83'),
(1889, 10304, 90, 36, '52.36'),
(1890, 10304, 103, 40, '80.92'),
(1891, 10305, 6, 38, '130.01'),
(1892, 10305, 15, 38, '107.84'),
(1893, 10305, 26, 27, '132.62'),
(1894, 10305, 28, 36, '117.82'),
(1895, 10305, 30, 41, '58.95'),
(1896, 10305, 40, 37, '160.87'),
(1897, 10305, 52, 22, '112.60'),
(1898, 10305, 57, 45, '48.55'),
(1899, 10305, 65, 24, '107.34'),
(1900, 10305, 68, 48, '30.76'),
(1901, 10305, 81, 36, '118.28'),
(1902, 10305, 85, 28, '94.38'),
(1903, 10305, 88, 40, '48.70'),
(1904, 10305, 94, 42, '109.96'),
(1905, 10306, 8, 31, '182.86'),
(1906, 10306, 11, 34, '145.04'),
(1907, 10306, 13, 20, '145.34'),
(1908, 10306, 39, 32, '114.74'),
(1909, 10306, 42, 40, '83.70'),
(1910, 10306, 49, 23, '126.39'),
(1911, 10306, 51, 39, '85.14'),
(1912, 10306, 63, 29, '109.37'),
(1913, 10306, 72, 31, '76.12'),
(1914, 10306, 89, 46, '60.28'),
(1915, 10306, 95, 34, '51.55'),
(1916, 10306, 97, 50, '61.34'),
(1917, 10306, 99, 38, '73.62'),
(1918, 10306, 102, 43, '62.16'),
(1919, 10306, 106, 32, '99.17'),
(1920, 10306, 107, 30, '87.39'),
(1921, 10306, 110, 35, '48.05'),
(1922, 10307, 5, 22, '118.32'),
(1923, 10307, 22, 39, '135.61'),
(1924, 10307, 37, 31, '71.40'),
(1925, 10307, 48, 48, '92.11'),
(1926, 10307, 69, 25, '58.23'),
(1927, 10307, 75, 22, '64.44'),
(1928, 10307, 77, 22, '75.47'),
(1929, 10307, 100, 34, '81.47'),
(1930, 10307, 109, 34, '44.20'),
(1931, 10308, 3, 34, '115.37'),
(1932, 10308, 4, 20, '187.85'),
(1933, 10308, 31, 27, '81.95'),
(1934, 10308, 32, 34, '48.46'),
(1935, 10308, 60, 31, '99.57'),
(1936, 10308, 62, 47, '68.55'),
(1937, 10308, 79, 43, '58.00'),
(1938, 10308, 83, 44, '71.73'),
(1939, 10308, 86, 24, '99.89'),
(1940, 10308, 91, 46, '61.22'),
(1941, 10308, 93, 47, '37.09'),
(1942, 10308, 98, 21, '73.07'),
(1943, 10308, 101, 35, '88.75'),
(1944, 10308, 104, 31, '100.85'),
(1945, 10308, 105, 21, '79.20'),
(1946, 10308, 108, 39, '62.93'),
(1947, 10309, 1, 41, '94.74'),
(1948, 10309, 10, 26, '144.60'),
(1949, 10309, 58, 21, '96.92'),
(1950, 10309, 66, 24, '59.56'),
(1951, 10309, 92, 50, '93.89'),
(1952, 10309, 96, 28, '74.04'),
(1953, 10310, 7, 33, '165.38'),
(1954, 10310, 12, 24, '105.70'),
(1955, 10310, 14, 49, '77.41'),
(1956, 10310, 16, 25, '101.34'),
(1957, 10310, 18, 37, '128.80'),
(1958, 10310, 24, 20, '66.99'),
(1959, 10310, 25, 24, '129.45'),
(1960, 10310, 40, 48, '159.18'),
(1961, 10310, 43, 27, '70.76'),
(1962, 10310, 45, 49, '122.00'),
(1963, 10310, 47, 42, '59.06'),
(1964, 10310, 54, 40, '133.92'),
(1965, 10310, 71, 33, '33.23'),
(1966, 10310, 74, 38, '50.21'),
(1967, 10310, 78, 45, '139.03'),
(1968, 10310, 84, 49, '75.18'),
(1969, 10310, 87, 36, '38.62'),
(1970, 10311, 21, 29, '124.44'),
(1971, 10311, 34, 43, '114.84'),
(1972, 10311, 46, 32, '134.22'),
(1973, 10311, 50, 41, '92.03'),
(1974, 10311, 55, 25, '66.99'),
(1975, 10311, 56, 26, '70.55'),
(1976, 10311, 59, 45, '48.80'),
(1977, 10311, 67, 28, '89.05'),
(1978, 10311, 70, 43, '116.27'),
(1979, 10311, 73, 25, '85.61'),
(1980, 10311, 76, 46, '91.02'),
(1981, 10312, 2, 48, '214.30'),
(1982, 10312, 17, 32, '101.50'),
(1983, 10312, 19, 43, '102.74'),
(1984, 10312, 20, 25, '43.67'),
(1985, 10312, 23, 48, '146.20'),
(1986, 10312, 27, 30, '48.43'),
(1987, 10312, 29, 31, '111.87'),
(1988, 10312, 33, 25, '150.19'),
(1989, 10312, 35, 37, '91.18'),
(1990, 10312, 36, 35, '54.34'),
(1991, 10312, 38, 38, '93.20'),
(1992, 10312, 44, 33, '84.33'),
(1993, 10312, 53, 39, '44.27'),
(1994, 10312, 61, 39, '27.88'),
(1995, 10312, 64, 23, '43.46'),
(1996, 10312, 80, 31, '40.21'),
(1997, 10312, 82, 44, '96.42'),
(1998, 10313, 6, 40, '141.83'),
(1999, 10313, 9, 21, '131.20'),
(2000, 10313, 28, 29, '109.23'),
(2001, 10313, 30, 34, '52.87'),
(2002, 10313, 40, 25, '143.94'),
(2003, 10313, 52, 28, '110.18'),
(2004, 10313, 65, 42, '102.23'),
(2005, 10313, 85, 27, '96.31'),
(2006, 10313, 88, 38, '48.70'),
(2007, 10313, 90, 34, '55.59'),
(2008, 10313, 103, 30, '96.09'),
(2009, 10314, 8, 38, '176.63'),
(2010, 10314, 11, 46, '125.40'),
(2011, 10314, 13, 36, '169.56'),
(2012, 10314, 15, 45, '95.99'),
(2013, 10314, 26, 42, '135.90'),
(2014, 10314, 39, 20, '129.76'),
(2015, 10314, 42, 23, '84.71'),
(2016, 10314, 49, 29, '129.26'),
(2017, 10314, 57, 44, '51.44'),
(2018, 10314, 68, 39, '31.82'),
(2019, 10314, 81, 38, '111.18'),
(2020, 10314, 89, 35, '58.41'),
(2021, 10314, 94, 28, '115.75'),
(2022, 10314, 95, 38, '50.38'),
(2023, 10314, 99, 23, '83.15'),
(2024, 10315, 51, 36, '78.12'),
(2025, 10315, 63, 35, '111.83'),
(2026, 10315, 72, 24, '78.77'),
(2027, 10315, 97, 41, '60.67'),
(2028, 10315, 106, 31, '99.17'),
(2029, 10315, 107, 37, '88.39'),
(2030, 10315, 110, 40, '51.32'),
(2031, 10316, 5, 33, '126.48'),
(2032, 10316, 22, 27, '140.34'),
(2033, 10316, 37, 21, '72.26'),
(2034, 10316, 48, 47, '89.99'),
(2035, 10316, 60, 25, '93.01'),
(2036, 10316, 69, 34, '67.14'),
(2037, 10316, 75, 47, '55.23'),
(2038, 10316, 77, 25, '77.15'),
(2039, 10316, 79, 30, '67.56'),
(2040, 10316, 91, 24, '59.16'),
(2041, 10316, 93, 34, '36.66'),
(2042, 10316, 98, 34, '74.90'),
(2043, 10316, 100, 45, '73.32'),
(2044, 10316, 101, 23, '85.76'),
(2045, 10316, 102, 48, '67.22'),
(2046, 10316, 105, 48, '77.60'),
(2047, 10316, 108, 44, '68.11'),
(2048, 10316, 109, 34, '43.70'),
(2049, 10317, 83, 35, '69.55'),
(2050, 10318, 1, 46, '84.22'),
(2051, 10318, 3, 45, '102.29'),
(2052, 10318, 4, 37, '189.79'),
(2053, 10318, 31, 31, '81.95'),
(2054, 10318, 32, 42, '49.67'),
(2055, 10318, 58, 48, '93.54'),
(2056, 10318, 62, 26, '60.94'),
(2057, 10318, 86, 47, '81.91'),
(2058, 10318, 104, 50, '102.04'),
(2059, 10319, 10, 30, '134.05'),
(2060, 10319, 43, 46, '77.19'),
(2061, 10319, 47, 44, '54.71'),
(2062, 10319, 54, 45, '120.53'),
(2063, 10319, 66, 31, '65.80'),
(2064, 10319, 84, 43, '78.41'),
(2065, 10319, 87, 29, '35.00'),
(2066, 10319, 92, 22, '96.95'),
(2067, 10319, 96, 45, '79.73'),
(2068, 10320, 7, 31, '184.84'),
(2069, 10320, 12, 35, '102.17'),
(2070, 10320, 14, 38, '63.84'),
(2071, 10320, 45, 25, '139.64'),
(2072, 10320, 74, 26, '60.62'),
(2073, 10321, 16, 24, '105.95'),
(2074, 10321, 18, 41, '123.14'),
(2075, 10321, 21, 44, '120.71'),
(2076, 10321, 24, 37, '73.92'),
(2077, 10321, 25, 25, '142.25'),
(2078, 10321, 34, 27, '126.72'),
(2079, 10321, 40, 33, '164.26'),
(2080, 10321, 46, 28, '138.45'),
(2081, 10321, 56, 30, '68.35'),
(2082, 10321, 59, 48, '42.76'),
(2083, 10321, 67, 30, '74.51'),
(2084, 10321, 71, 37, '31.72'),
(2085, 10321, 73, 39, '81.33'),
(2086, 10321, 76, 21, '103.87'),
(2087, 10321, 78, 26, '137.62'),
(2088, 10322, 2, 40, '180.01'),
(2089, 10322, 6, 46, '141.83'),
(2090, 10322, 9, 27, '136.67'),
(2091, 10322, 17, 22, '101.50'),
(2092, 10322, 19, 43, '92.47'),
(2093, 10322, 20, 41, '44.21'),
(2094, 10322, 29, 50, '120.77'),
(2095, 10322, 30, 35, '57.12'),
(2096, 10322, 33, 36, '158.63'),
(2097, 10322, 35, 33, '100.30'),
(2098, 10322, 36, 41, '54.34'),
(2099, 10322, 38, 48, '90.06'),
(2100, 10322, 61, 20, '26.55'),
(2101, 10322, 64, 30, '40.77'),
(2102, 10323, 44, 33, '88.30'),
(2103, 10323, 52, 47, '96.86'),
(2104, 10324, 11, 27, '148.06'),
(2105, 10324, 15, 26, '100.73'),
(2106, 10324, 26, 47, '142.45'),
(2107, 10324, 28, 33, '105.55'),
(2108, 10324, 40, 27, '137.17'),
(2109, 10324, 49, 49, '120.64'),
(2110, 10324, 53, 38, '49.81'),
(2111, 10324, 57, 25, '49.71'),
(2112, 10324, 65, 31, '107.34'),
(2113, 10324, 68, 30, '29.35'),
(2114, 10324, 82, 33, '95.44'),
(2115, 10324, 85, 20, '91.49'),
(2116, 10324, 90, 48, '60.76'),
(2117, 10324, 103, 34, '80.92'),
(2118, 10325, 5, 47, '111.52'),
(2119, 10325, 8, 42, '193.25'),
(2120, 10325, 13, 24, '166.10'),
(2121, 10325, 39, 24, '114.74'),
(2122, 10325, 81, 44, '114.73'),
(2123, 10325, 88, 38, '44.37'),
(2124, 10325, 89, 28, '55.30'),
(2125, 10325, 94, 38, '99.55'),
(2126, 10325, 95, 44, '56.24'),
(2127, 10326, 42, 32, '94.79'),
(2128, 10326, 51, 50, '73.73'),
(2129, 10326, 63, 41, '120.43'),
(2130, 10326, 72, 41, '86.74'),
(2131, 10326, 77, 20, '81.34'),
(2132, 10326, 97, 39, '60.67'),
(2133, 10327, 22, 25, '154.54'),
(2134, 10327, 31, 45, '74.34'),
(2135, 10327, 37, 25, '74.84'),
(2136, 10327, 99, 20, '79.68'),
(2137, 10327, 102, 21, '65.05'),
(2138, 10327, 106, 43, '85.14'),
(2139, 10327, 107, 37, '83.42'),
(2140, 10327, 110, 37, '48.05'),
(2141, 10328, 48, 34, '104.81'),
(2142, 10328, 60, 47, '87.54'),
(2143, 10328, 69, 48, '67.82'),
(2144, 10328, 75, 20, '56.55'),
(2145, 10328, 79, 35, '55.96'),
(2146, 10328, 83, 43, '69.55'),
(2147, 10328, 91, 24, '57.10'),
(2148, 10328, 93, 34, '42.33'),
(2149, 10328, 98, 27, '84.03'),
(2150, 10328, 100, 41, '75.13'),
(2151, 10328, 101, 37, '95.73'),
(2152, 10328, 104, 33, '117.46'),
(2153, 10328, 105, 33, '71.20'),
(2154, 10328, 108, 39, '69.59'),
(2155, 10329, 1, 42, '80.39'),
(2156, 10329, 3, 20, '109.42'),
(2157, 10329, 4, 26, '164.61'),
(2158, 10329, 7, 41, '182.90'),
(2159, 10329, 10, 24, '128.03'),
(2160, 10329, 12, 46, '117.44'),
(2161, 10329, 14, 33, '74.21'),
(2162, 10329, 16, 39, '102.49'),
(2163, 10329, 24, 29, '66.22'),
(2164, 10329, 32, 38, '55.72'),
(2165, 10329, 43, 38, '65.13'),
(2166, 10329, 58, 30, '104.81'),
(2167, 10329, 62, 37, '71.60'),
(2168, 10329, 86, 45, '80.91'),
(2169, 10329, 109, 44, '41.22'),
(2170, 10330, 45, 37, '136.70'),
(2171, 10330, 47, 29, '59.06'),
(2172, 10330, 54, 50, '133.92'),
(2173, 10330, 66, 42, '56.10'),
(2174, 10331, 18, 46, '120.31'),
(2175, 10331, 21, 44, '99.55'),
(2176, 10331, 23, 44, '154.70'),
(2177, 10331, 25, 30, '135.14'),
(2178, 10331, 34, 26, '130.68'),
(2179, 10331, 40, 27, '169.34'),
(2180, 10331, 46, 26, '132.80'),
(2181, 10331, 71, 27, '37.00'),
(2182, 10331, 74, 25, '55.11'),
(2183, 10331, 78, 21, '139.03'),
(2184, 10331, 84, 41, '70.33'),
(2185, 10331, 87, 28, '33.39'),
(2186, 10331, 92, 32, '100.01'),
(2187, 10331, 96, 20, '74.04'),
(2188, 10332, 19, 46, '89.38'),
(2189, 10332, 20, 27, '51.21'),
(2190, 10332, 27, 38, '53.88'),
(2191, 10332, 29, 35, '116.96'),
(2192, 10332, 33, 24, '138.38'),
(2193, 10332, 36, 26, '53.09'),
(2194, 10332, 38, 40, '100.53'),
(2195, 10332, 50, 50, '92.03'),
(2196, 10332, 55, 21, '70.56'),
(2197, 10332, 56, 23, '61.73'),
(2198, 10332, 59, 20, '47.29'),
(2199, 10332, 61, 45, '29.87'),
(2200, 10332, 64, 26, '43.01'),
(2201, 10332, 67, 39, '84.51'),
(2202, 10332, 70, 44, '108.04'),
(2203, 10332, 73, 45, '77.91'),
(2204, 10332, 76, 31, '94.23'),
(2205, 10332, 80, 41, '34.47'),
(2206, 10333, 2, 26, '188.58'),
(2207, 10333, 9, 33, '121.64'),
(2208, 10333, 17, 29, '110.84'),
(2209, 10333, 35, 31, '95.23'),
(2210, 10333, 44, 46, '95.24'),
(2211, 10333, 53, 24, '42.26'),
(2212, 10333, 82, 39, '95.44'),
(2213, 10333, 90, 33, '62.05'),
(2214, 10334, 6, 26, '130.01'),
(2215, 10334, 28, 46, '108.00'),
(2216, 10334, 30, 34, '52.87'),
(2217, 10334, 40, 20, '147.33'),
(2218, 10334, 52, 49, '101.71'),
(2219, 10334, 65, 42, '117.57'),
(2220, 10335, 68, 33, '32.88'),
(2221, 10335, 85, 44, '77.05'),
(2222, 10335, 88, 40, '49.78'),
(2223, 10336, 8, 33, '176.63'),
(2224, 10336, 11, 33, '126.91'),
(2225, 10336, 13, 49, '141.88'),
(2226, 10336, 15, 38, '95.99'),
(2227, 10336, 26, 49, '153.91'),
(2228, 10336, 39, 48, '135.22'),
(2229, 10336, 42, 21, '100.84'),
(2230, 10336, 57, 45, '49.71'),
(2231, 10336, 81, 31, '113.55'),
(2232, 10336, 89, 31, '59.03'),
(2233, 10336, 94, 23, '109.96'),
(2234, 10336, 103, 46, '94.07'),
(2235, 10337, 5, 25, '131.92'),
(2236, 10337, 49, 36, '140.75'),
(2237, 10337, 51, 29, '76.36'),
(2238, 10337, 63, 29, '119.20'),
(2239, 10337, 95, 21, '54.48'),
(2240, 10337, 99, 36, '73.62'),
(2241, 10337, 106, 31, '84.14'),
(2242, 10337, 107, 36, '83.42'),
(2243, 10337, 110, 42, '49.14'),
(2244, 10338, 22, 41, '137.19'),
(2245, 10338, 37, 28, '80.86'),
(2246, 10338, 48, 45, '93.17'),
(2247, 10339, 3, 40, '117.75'),
(2248, 10339, 4, 39, '178.17'),
(2249, 10339, 31, 27, '79.41'),
(2250, 10339, 32, 30, '48.46'),
(2251, 10339, 58, 27, '96.92'),
(2252, 10339, 60, 21, '106.14'),
(2253, 10339, 69, 55, '67.82'),
(2254, 10339, 72, 55, '73.46'),
(2255, 10339, 75, 29, '57.86'),
(2256, 10339, 77, 42, '72.96'),
(2257, 10339, 79, 45, '57.32'),
(2258, 10339, 97, 22, '53.34'),
(2259, 10339, 100, 55, '86.90'),
(2260, 10339, 102, 50, '62.16'),
(2261, 10339, 108, 50, '66.63'),
(2262, 10339, 109, 27, '49.66'),
(2263, 10340, 62, 55, '62.46'),
(2264, 10340, 83, 40, '63.76'),
(2265, 10340, 86, 55, '95.89'),
(2266, 10340, 91, 39, '67.41'),
(2267, 10340, 93, 40, '37.09'),
(2268, 10340, 98, 30, '73.99'),
(2269, 10340, 101, 55, '81.77'),
(2270, 10340, 104, 29, '98.48'),
(2271, 10341, 1, 41, '84.22'),
(2272, 10341, 7, 45, '192.62'),
(2273, 10341, 10, 55, '120.50'),
(2274, 10341, 12, 44, '111.57'),
(2275, 10341, 14, 36, '77.41'),
(2276, 10341, 16, 55, '109.40'),
(2277, 10341, 66, 32, '63.03'),
(2278, 10341, 92, 31, '95.93'),
(2279, 10341, 96, 38, '78.11'),
(2280, 10341, 105, 34, '70.40'),
(2281, 10342, 18, 40, '118.89'),
(2282, 10342, 24, 55, '63.14'),
(2283, 10342, 25, 22, '115.22'),
(2284, 10342, 40, 30, '167.65'),
(2285, 10342, 43, 25, '76.39'),
(2286, 10342, 45, 55, '136.70'),
(2287, 10342, 47, 26, '57.82'),
(2288, 10342, 54, 38, '124.99'),
(2289, 10342, 71, 39, '30.59'),
(2290, 10342, 74, 48, '60.01'),
(2291, 10342, 78, 42, '112.34'),
(2292, 10343, 21, 36, '109.51'),
(2293, 10343, 34, 25, '118.80'),
(2294, 10343, 46, 44, '127.15'),
(2295, 10343, 59, 27, '44.78'),
(2296, 10343, 84, 30, '76.80'),
(2297, 10343, 87, 29, '37.41'),
(2298, 10344, 23, 45, '168.30'),
(2299, 10344, 27, 40, '49.04'),
(2300, 10344, 29, 30, '118.23'),
(2301, 10344, 50, 21, '80.99'),
(2302, 10344, 55, 26, '68.42'),
(2303, 10344, 56, 29, '61.00'),
(2304, 10344, 61, 20, '27.88'),
(2305, 10345, 64, 43, '38.98'),
(2306, 10346, 19, 42, '88.36'),
(2307, 10346, 67, 25, '87.24'),
(2308, 10346, 70, 24, '117.44'),
(2309, 10346, 73, 24, '80.47'),
(2310, 10346, 76, 26, '103.87'),
(2311, 10346, 80, 22, '38.57'),
(2312, 10347, 2, 30, '188.58'),
(2313, 10347, 6, 27, '132.97'),
(2314, 10347, 9, 29, '132.57'),
(2315, 10347, 17, 42, '113.17'),
(2316, 10347, 20, 21, '46.36'),
(2317, 10347, 30, 50, '51.05'),
(2318, 10347, 33, 21, '136.69'),
(2319, 10347, 35, 48, '84.09'),
(2320, 10347, 36, 34, '60.59'),
(2321, 10347, 38, 45, '95.30'),
(2322, 10347, 44, 26, '84.33'),
(2323, 10347, 52, 45, '115.03'),
(2324, 10348, 8, 48, '207.80'),
(2325, 10348, 11, 47, '122.37'),
(2326, 10348, 53, 29, '43.77'),
(2327, 10348, 65, 37, '107.34'),
(2328, 10348, 82, 39, '82.78'),
(2329, 10348, 85, 42, '90.53'),
(2330, 10348, 90, 31, '62.70'),
(2331, 10348, 103, 32, '100.14'),
(2332, 10349, 13, 26, '166.10'),
(2333, 10349, 15, 48, '114.95'),
(2334, 10349, 26, 38, '142.45'),
(2335, 10349, 28, 38, '117.82'),
(2336, 10349, 40, 48, '164.26'),
(2337, 10349, 49, 34, '140.75'),
(2338, 10349, 57, 48, '50.29'),
(2339, 10349, 68, 36, '31.47'),
(2340, 10349, 81, 23, '111.18'),
(2341, 10349, 88, 33, '44.37'),
(2342, 10350, 5, 26, '110.16'),
(2343, 10350, 37, 43, '84.30'),
(2344, 10350, 39, 44, '135.22'),
(2345, 10350, 42, 41, '94.79'),
(2346, 10350, 51, 30, '70.22'),
(2347, 10350, 63, 34, '98.31'),
(2348, 10350, 72, 30, '86.74'),
(2349, 10350, 77, 25, '77.15'),
(2350, 10350, 89, 27, '61.52'),
(2351, 10350, 94, 31, '104.18'),
(2352, 10350, 95, 44, '56.82'),
(2353, 10350, 97, 46, '56.00'),
(2354, 10350, 99, 28, '76.22'),
(2355, 10350, 102, 29, '68.67'),
(2356, 10350, 106, 31, '87.15'),
(2357, 10350, 107, 25, '97.32'),
(2358, 10350, 110, 20, '48.05'),
(2359, 10351, 22, 39, '143.50'),
(2360, 10351, 48, 20, '104.81'),
(2361, 10351, 69, 25, '64.40'),
(2362, 10351, 75, 38, '53.92'),
(2363, 10351, 79, 34, '68.24'),
(2364, 10352, 100, 23, '75.13'),
(2365, 10352, 101, 49, '87.75'),
(2366, 10352, 108, 22, '62.19'),
(2367, 10352, 109, 49, '46.18'),
(2368, 10353, 31, 27, '71.81'),
(2369, 10353, 60, 28, '107.23'),
(2370, 10353, 83, 35, '69.55'),
(2371, 10353, 86, 46, '86.90'),
(2372, 10353, 91, 40, '68.10'),
(2373, 10353, 93, 40, '35.78'),
(2374, 10353, 98, 39, '73.07'),
(2375, 10353, 104, 48, '98.48'),
(2376, 10353, 105, 43, '74.40'),
(2377, 10354, 1, 42, '84.22'),
(2378, 10354, 3, 20, '95.15'),
(2379, 10354, 4, 42, '178.17'),
(2380, 10354, 7, 31, '157.60'),
(2381, 10354, 10, 35, '141.58'),
(2382, 10354, 12, 29, '98.65'),
(2383, 10354, 14, 23, '76.61'),
(2384, 10354, 16, 28, '100.19'),
(2385, 10354, 24, 21, '76.23'),
(2386, 10354, 32, 28, '49.06'),
(2387, 10354, 43, 36, '69.15'),
(2388, 10354, 58, 21, '96.92'),
(2389, 10354, 62, 28, '62.46'),
(2390, 10355, 45, 23, '117.59'),
(2391, 10355, 47, 31, '60.30'),
(2392, 10355, 54, 25, '124.99'),
(2393, 10355, 66, 41, '56.10'),
(2394, 10355, 71, 36, '37.38'),
(2395, 10355, 74, 44, '60.62'),
(2396, 10355, 78, 32, '137.62'),
(2397, 10355, 84, 28, '75.18'),
(2398, 10355, 87, 38, '32.99'),
(2399, 10355, 92, 40, '93.89'),
(2400, 10356, 18, 43, '120.31'),
(2401, 10356, 19, 50, '82.19'),
(2402, 10356, 20, 22, '44.75'),
(2403, 10356, 25, 27, '130.87'),
(2404, 10356, 29, 29, '106.79'),
(2405, 10356, 33, 30, '158.63'),
(2406, 10356, 61, 48, '31.86'),
(2407, 10356, 64, 26, '42.11'),
(2408, 10356, 96, 26, '78.11'),
(2409, 10357, 2, 32, '199.30'),
(2410, 10357, 6, 43, '135.92'),
(2411, 10357, 9, 49, '109.34'),
(2412, 10357, 17, 39, '112.00'),
(2413, 10357, 30, 41, '58.95'),
(2414, 10357, 35, 41, '91.18'),
(2415, 10357, 36, 49, '59.34'),
(2416, 10357, 38, 44, '104.72'),
(2417, 10357, 44, 25, '84.33'),
(2418, 10357, 52, 28, '105.34'),
(2419, 10358, 11, 49, '129.93'),
(2420, 10358, 15, 42, '98.36'),
(2421, 10358, 26, 20, '142.45'),
(2422, 10358, 28, 20, '99.41'),
(2423, 10358, 40, 32, '137.17'),
(2424, 10358, 49, 25, '117.77'),
(2425, 10358, 53, 30, '46.29'),
(2426, 10358, 57, 44, '56.07'),
(2427, 10358, 65, 41, '127.79'),
(2428, 10358, 68, 36, '33.59'),
(2429, 10358, 82, 41, '88.62'),
(2430, 10358, 85, 41, '82.83'),
(2431, 10358, 90, 36, '51.71'),
(2432, 10358, 103, 27, '85.98'),
(2433, 10359, 5, 48, '122.40'),
(2434, 10359, 8, 42, '180.79'),
(2435, 10359, 13, 49, '162.64'),
(2436, 10359, 81, 22, '108.82'),
(2437, 10359, 88, 36, '45.45'),
(2438, 10359, 89, 22, '62.14'),
(2439, 10359, 94, 46, '99.55'),
(2440, 10359, 95, 25, '47.45'),
(2441, 10360, 22, 50, '126.15'),
(2442, 10360, 31, 41, '68.43'),
(2443, 10360, 37, 46, '71.40'),
(2444, 10360, 39, 29, '122.93'),
(2445, 10360, 42, 29, '94.79'),
(2446, 10360, 48, 40, '101.64'),
(2447, 10360, 51, 40, '76.36'),
(2448, 10360, 60, 22, '106.14'),
(2449, 10360, 63, 31, '100.77'),
(2450, 10360, 69, 49, '55.49'),
(2451, 10360, 72, 36, '70.81'),
(2452, 10360, 77, 22, '78.83'),
(2453, 10360, 97, 32, '64.67'),
(2454, 10360, 99, 26, '86.61'),
(2455, 10360, 102, 30, '70.11'),
(2456, 10360, 106, 35, '83.14'),
(2457, 10360, 107, 31, '92.36'),
(2458, 10360, 110, 31, '54.05'),
(2459, 10361, 1, 20, '92.83'),
(2460, 10361, 3, 26, '114.18'),
(2461, 10361, 75, 34, '62.46'),
(2462, 10361, 79, 26, '61.42'),
(2463, 10361, 83, 25, '68.83'),
(2464, 10361, 91, 49, '56.41'),
(2465, 10361, 93, 33, '35.78'),
(2466, 10361, 98, 20, '88.60'),
(2467, 10361, 100, 24, '85.99'),
(2468, 10361, 101, 26, '91.74'),
(2469, 10361, 104, 44, '107.97'),
(2470, 10361, 105, 44, '76.80'),
(2471, 10361, 108, 35, '62.19'),
(2472, 10361, 109, 23, '47.67'),
(2473, 10362, 4, 22, '182.04'),
(2474, 10362, 10, 22, '131.04'),
(2475, 10362, 32, 23, '53.91'),
(2476, 10362, 58, 50, '91.29'),
(2477, 10363, 7, 33, '180.95'),
(2478, 10363, 12, 34, '106.87'),
(2479, 10363, 14, 34, '68.63'),
(2480, 10363, 16, 46, '103.64'),
(2481, 10363, 24, 22, '61.60'),
(2482, 10363, 43, 46, '69.15'),
(2483, 10363, 45, 24, '124.94'),
(2484, 10363, 47, 32, '52.22'),
(2485, 10363, 54, 28, '123.50'),
(2486, 10363, 62, 21, '70.08'),
(2487, 10363, 66, 43, '56.10'),
(2488, 10363, 74, 21, '52.05'),
(2489, 10363, 78, 31, '113.75'),
(2490, 10363, 84, 43, '75.99'),
(2491, 10363, 86, 50, '92.90'),
(2492, 10364, 87, 48, '38.22'),
(2493, 10365, 18, 30, '116.06'),
(2494, 10365, 92, 22, '82.66'),
(2495, 10365, 96, 44, '68.34'),
(2496, 10366, 25, 34, '116.65'),
(2497, 10366, 34, 49, '105.60'),
(2498, 10366, 40, 34, '154.10'),
(2499, 10367, 21, 49, '105.77'),
(2500, 10367, 23, 37, '144.50'),
(2501, 10367, 27, 45, '50.25'),
(2502, 10367, 29, 27, '124.59'),
(2503, 10367, 33, 32, '140.06'),
(2504, 10367, 46, 46, '131.39'),
(2505, 10367, 50, 43, '77.31'),
(2506, 10367, 55, 44, '66.99'),
(2507, 10367, 56, 21, '72.76'),
(2508, 10367, 59, 38, '50.31'),
(2509, 10367, 61, 23, '29.54'),
(2510, 10367, 64, 28, '43.01'),
(2511, 10367, 71, 36, '36.25'),
(2512, 10368, 67, 40, '73.60'),
(2513, 10368, 70, 31, '115.09'),
(2514, 10368, 73, 46, '83.04'),
(2515, 10368, 76, 20, '93.16'),
(2516, 10368, 80, 46, '36.52'),
(2517, 10369, 2, 41, '195.01'),
(2518, 10369, 19, 44, '89.38'),
(2519, 10369, 20, 32, '46.36'),
(2520, 10369, 35, 42, '100.30'),
(2521, 10369, 36, 28, '51.84'),
(2522, 10369, 38, 21, '90.06'),
(2523, 10369, 44, 45, '80.36'),
(2524, 10369, 82, 40, '93.49'),
(2525, 10370, 6, 35, '128.53'),
(2526, 10370, 9, 49, '128.47'),
(2527, 10370, 17, 27, '100.34'),
(2528, 10370, 28, 22, '101.87'),
(2529, 10370, 30, 22, '60.16'),
(2530, 10370, 40, 27, '167.65'),
(2531, 10370, 52, 29, '105.34'),
(2532, 10370, 53, 20, '41.76'),
(2533, 10370, 90, 25, '63.99'),
(2534, 10371, 8, 32, '178.71'),
(2535, 10371, 15, 49, '104.28'),
(2536, 10371, 26, 25, '160.46'),
(2537, 10371, 57, 25, '53.75'),
(2538, 10371, 65, 20, '126.51'),
(2539, 10371, 68, 45, '35.01'),
(2540, 10371, 81, 28, '95.81'),
(2541, 10371, 85, 26, '82.83'),
(2542, 10371, 88, 20, '44.37'),
(2543, 10371, 89, 30, '53.44'),
(2544, 10371, 94, 48, '97.23'),
(2545, 10371, 103, 34, '83.95'),
(2546, 10372, 11, 40, '146.55'),
(2547, 10372, 13, 34, '140.15'),
(2548, 10372, 39, 28, '131.13'),
(2549, 10372, 42, 25, '91.76'),
(2550, 10372, 49, 48, '119.20'),
(2551, 10372, 51, 41, '78.99'),
(2552, 10372, 63, 37, '102.00'),
(2553, 10372, 95, 24, '56.82'),
(2554, 10372, 99, 44, '74.48'),
(2555, 10373, 5, 39, '118.32'),
(2556, 10373, 22, 28, '143.50'),
(2557, 10373, 37, 22, '75.70'),
(2558, 10373, 48, 50, '99.52'),
(2559, 10373, 69, 38, '58.92'),
(2560, 10373, 72, 33, '82.31'),
(2561, 10373, 75, 46, '53.92'),
(2562, 10373, 77, 23, '83.86'),
(2563, 10373, 79, 39, '62.10'),
(2564, 10373, 97, 44, '58.00'),
(2565, 10373, 100, 32, '76.94'),
(2566, 10373, 102, 41, '69.39'),
(2567, 10373, 106, 34, '94.16'),
(2568, 10373, 107, 37, '83.42'),
(2569, 10373, 108, 45, '68.11'),
(2570, 10373, 109, 25, '44.20'),
(2571, 10373, 110, 29, '48.05'),
(2572, 10374, 3, 39, '115.37'),
(2573, 10374, 4, 22, '158.80'),
(2574, 10374, 31, 42, '75.19'),
(2575, 10374, 32, 22, '48.46'),
(2576, 10374, 58, 38, '112.70'),
(2577, 10374, 60, 46, '107.23'),
(2578, 10375, 1, 21, '76.56'),
(2579, 10375, 7, 45, '184.84'),
(2580, 10375, 10, 49, '150.62'),
(2581, 10375, 62, 23, '67.03'),
(2582, 10375, 66, 20, '60.26'),
(2583, 10375, 83, 43, '60.13'),
(2584, 10375, 86, 37, '87.90'),
(2585, 10375, 91, 44, '59.85'),
(2586, 10375, 92, 41, '96.95'),
(2587, 10375, 93, 49, '36.22'),
(2588, 10375, 96, 49, '69.16'),
(2589, 10375, 98, 37, '86.77'),
(2590, 10375, 101, 33, '94.73'),
(2591, 10375, 104, 25, '98.48'),
(2592, 10375, 105, 44, '69.60'),
(2593, 10376, 12, 35, '98.65'),
(2594, 10377, 14, 24, '65.44'),
(2595, 10377, 16, 50, '112.86'),
(2596, 10377, 18, 35, '124.56'),
(2597, 10377, 24, 31, '61.60'),
(2598, 10377, 25, 36, '125.18'),
(2599, 10377, 40, 39, '143.94'),
(2600, 10378, 21, 34, '121.95'),
(2601, 10378, 43, 22, '66.74'),
(2602, 10378, 45, 43, '146.99'),
(2603, 10378, 47, 28, '60.30'),
(2604, 10378, 54, 49, '122.02'),
(2605, 10378, 71, 41, '30.59'),
(2606, 10378, 74, 46, '52.66'),
(2607, 10378, 78, 33, '129.20'),
(2608, 10378, 84, 41, '80.84'),
(2609, 10378, 87, 40, '35.80'),
(2610, 10379, 23, 39, '156.40'),
(2611, 10379, 27, 27, '50.85'),
(2612, 10379, 34, 29, '113.52'),
(2613, 10379, 46, 32, '134.22'),
(2614, 10379, 59, 32, '48.80'),
(2615, 10380, 19, 27, '88.36'),
(2616, 10380, 29, 40, '119.50'),
(2617, 10380, 33, 21, '156.94'),
(2618, 10380, 50, 32, '78.23'),
(2619, 10380, 55, 24, '66.99'),
(2620, 10380, 56, 34, '66.88'),
(2621, 10380, 61, 32, '29.87'),
(2622, 10380, 64, 27, '37.63'),
(2623, 10380, 67, 36, '77.24'),
(2624, 10380, 70, 44, '111.57'),
(2625, 10380, 73, 44, '77.05'),
(2626, 10380, 76, 34, '91.02'),
(2627, 10380, 80, 43, '32.82'),
(2628, 10381, 2, 36, '182.16'),
(2629, 10381, 6, 37, '138.88'),
(2630, 10381, 9, 20, '132.57'),
(2631, 10381, 17, 48, '114.34'),
(2632, 10381, 20, 25, '49.60'),
(2633, 10381, 30, 35, '60.77'),
(2634, 10381, 35, 41, '100.30'),
(2635, 10381, 36, 40, '51.22'),
(2636, 10381, 38, 35, '93.20'),
(2637, 10382, 8, 34, '166.24'),
(2638, 10382, 11, 37, '145.04'),
(2639, 10382, 13, 34, '143.61'),
(2640, 10382, 15, 32, '103.10'),
(2641, 10382, 26, 25, '160.46'),
(2642, 10382, 44, 50, '84.33'),
(2643, 10382, 52, 39, '115.03'),
(2644, 10382, 53, 39, '46.29'),
(2645, 10382, 65, 20, '120.12'),
(2646, 10382, 82, 33, '97.39'),
(2647, 10382, 85, 26, '85.72'),
(2648, 10382, 90, 48, '57.53'),
(2649, 10382, 103, 34, '101.15'),
(2650, 10383, 28, 27, '119.05'),
(2651, 10383, 39, 24, '125.66'),
(2652, 10383, 40, 47, '155.79'),
(2653, 10383, 42, 26, '83.70'),
(2654, 10383, 49, 38, '137.88'),
(2655, 10383, 51, 28, '77.24'),
(2656, 10383, 57, 22, '52.60'),
(2657, 10383, 68, 40, '33.24'),
(2658, 10383, 81, 21, '117.10'),
(2659, 10383, 88, 32, '53.57'),
(2660, 10383, 89, 44, '55.93'),
(2661, 10383, 94, 29, '94.92'),
(2662, 10383, 95, 38, '48.62'),
(2663, 10384, 5, 34, '129.20'),
(2664, 10384, 63, 28, '114.29'),
(2665, 10384, 72, 43, '71.69'),
(2666, 10384, 99, 49, '71.02'),
(2667, 10385, 77, 37, '78.83'),
(2668, 10385, 97, 25, '62.00'),
(2669, 10386, 22, 25, '130.88'),
(2670, 10386, 31, 21, '72.65'),
(2671, 10386, 37, 37, '73.12'),
(2672, 10386, 48, 22, '100.58'),
(2673, 10386, 60, 33, '101.76'),
(2674, 10386, 69, 39, '56.86'),
(2675, 10386, 75, 35, '54.57'),
(2676, 10386, 79, 41, '55.96'),
(2677, 10386, 83, 50, '71.73'),
(2678, 10386, 100, 29, '85.09'),
(2679, 10386, 101, 37, '90.75'),
(2680, 10386, 102, 37, '67.22'),
(2681, 10386, 105, 32, '68.00'),
(2682, 10386, 106, 45, '83.14'),
(2683, 10386, 107, 30, '80.44'),
(2684, 10386, 108, 44, '59.22'),
(2685, 10386, 109, 50, '47.67'),
(2686, 10386, 110, 43, '52.42'),
(2687, 10387, 86, 44, '79.91'),
(2688, 10388, 1, 42, '80.39'),
(2689, 10388, 3, 50, '118.94'),
(2690, 10388, 4, 21, '156.86'),
(2691, 10388, 10, 44, '125.01'),
(2692, 10388, 91, 35, '58.47'),
(2693, 10388, 93, 27, '41.02'),
(2694, 10388, 98, 46, '74.90'),
(2695, 10388, 104, 50, '111.53'),
(2696, 10389, 7, 26, '182.90'),
(2697, 10389, 12, 25, '95.13'),
(2698, 10389, 14, 36, '76.61'),
(2699, 10389, 16, 47, '102.49'),
(2700, 10389, 24, 49, '63.91'),
(2701, 10389, 32, 39, '52.09'),
(2702, 10389, 58, 45, '112.70'),
(2703, 10389, 62, 49, '61.70'),
(2704, 10390, 18, 36, '117.48'),
(2705, 10390, 25, 34, '132.29'),
(2706, 10390, 29, 31, '102.98'),
(2707, 10390, 33, 26, '162.00'),
(2708, 10390, 43, 40, '75.59'),
(2709, 10390, 45, 50, '135.23'),
(2710, 10390, 47, 36, '54.09'),
(2711, 10390, 54, 49, '122.02'),
(2712, 10390, 66, 35, '67.87'),
(2713, 10390, 71, 37, '35.87'),
(2714, 10390, 74, 46, '51.43'),
(2715, 10390, 78, 45, '134.81'),
(2716, 10390, 84, 30, '66.29'),
(2717, 10390, 87, 41, '39.02'),
(2718, 10390, 92, 45, '101.03'),
(2719, 10390, 96, 22, '81.36'),
(2720, 10391, 2, 24, '195.01'),
(2721, 10391, 6, 37, '121.15'),
(2722, 10391, 9, 39, '110.70'),
(2723, 10391, 17, 29, '114.34'),
(2724, 10391, 19, 35, '102.74'),
(2725, 10391, 20, 42, '47.44'),
(2726, 10391, 30, 44, '57.73'),
(2727, 10391, 35, 32, '99.28'),
(2728, 10391, 61, 33, '26.55'),
(2729, 10391, 64, 24, '36.29'),
(2730, 10392, 36, 37, '61.21'),
(2731, 10392, 38, 29, '103.67'),
(2732, 10392, 44, 36, '98.22'),
(2733, 10393, 11, 35, '145.04'),
(2734, 10393, 15, 32, '99.54'),
(2735, 10393, 26, 20, '137.53'),
(2736, 10393, 28, 38, '104.32'),
(2737, 10393, 52, 30, '106.55'),
(2738, 10393, 53, 44, '41.76'),
(2739, 10393, 65, 33, '112.46'),
(2740, 10393, 82, 33, '88.62'),
(2741, 10393, 85, 38, '84.75'),
(2742, 10393, 90, 31, '63.35'),
(2743, 10393, 103, 21, '83.95'),
(2744, 10394, 40, 22, '135.47'),
(2745, 10394, 49, 37, '124.95'),
(2746, 10394, 57, 31, '53.18'),
(2747, 10394, 68, 46, '35.36'),
(2748, 10394, 81, 37, '104.09'),
(2749, 10394, 88, 36, '47.08'),
(2750, 10394, 89, 30, '55.93'),
(2751, 10395, 5, 32, '125.12'),
(2752, 10395, 8, 33, '205.72'),
(2753, 10395, 94, 46, '98.39'),
(2754, 10395, 95, 45, '57.99'),
(2755, 10396, 13, 33, '155.72'),
(2756, 10396, 39, 33, '129.76'),
(2757, 10396, 42, 24, '91.76'),
(2758, 10396, 51, 45, '83.38'),
(2759, 10396, 63, 49, '100.77'),
(2760, 10396, 72, 27, '77.00'),
(2761, 10396, 77, 37, '77.99'),
(2762, 10396, 97, 39, '62.00'),
(2763, 10397, 99, 32, '69.29'),
(2764, 10397, 102, 22, '62.88'),
(2765, 10397, 106, 48, '86.15'),
(2766, 10397, 107, 36, '80.44'),
(2767, 10397, 110, 34, '52.96'),
(2768, 10398, 22, 33, '130.88'),
(2769, 10398, 31, 34, '82.79'),
(2770, 10398, 37, 28, '70.54'),
(2771, 10398, 48, 45, '92.11'),
(2772, 10398, 60, 43, '100.67'),
(2773, 10398, 69, 28, '60.29'),
(2774, 10398, 75, 34, '61.15'),
(2775, 10398, 79, 41, '56.64'),
(2776, 10398, 83, 45, '65.93'),
(2777, 10398, 91, 22, '60.54'),
(2778, 10398, 93, 49, '38.84'),
(2779, 10398, 98, 47, '78.55'),
(2780, 10398, 100, 36, '75.13'),
(2781, 10398, 101, 22, '98.72'),
(2782, 10398, 104, 23, '102.04'),
(2783, 10398, 105, 29, '76.80'),
(2784, 10398, 108, 36, '62.19'),
(2785, 10398, 109, 34, '41.22'),
(2786, 10399, 1, 40, '77.52'),
(2787, 10399, 3, 51, '99.91'),
(2788, 10399, 4, 22, '156.86'),
(2789, 10399, 10, 29, '123.51'),
(2790, 10399, 32, 30, '51.48'),
(2791, 10399, 58, 57, '104.81'),
(2792, 10399, 62, 58, '75.41'),
(2793, 10399, 86, 32, '97.89'),
(2794, 10400, 5, 64, '134.64'),
(2795, 10400, 22, 34, '129.31'),
(2796, 10400, 37, 30, '74.84'),
(2797, 10400, 48, 58, '88.93'),
(2798, 10400, 69, 24, '55.49'),
(2799, 10400, 75, 38, '59.18'),
(2800, 10400, 77, 42, '74.64'),
(2801, 10400, 100, 46, '82.37'),
(2802, 10400, 109, 20, '41.71'),
(2803, 10401, 31, 42, '75.19'),
(2804, 10401, 60, 38, '87.54'),
(2805, 10401, 79, 64, '59.37'),
(2806, 10401, 83, 52, '65.93'),
(2807, 10401, 86, 49, '81.91'),
(2808, 10401, 91, 62, '62.60'),
(2809, 10401, 93, 56, '41.46'),
(2810, 10401, 98, 11, '77.64'),
(2811, 10401, 101, 85, '98.72'),
(2812, 10401, 104, 21, '96.11'),
(2813, 10401, 105, 77, '73.60'),
(2814, 10401, 108, 40, '66.63'),
(2815, 10402, 3, 45, '118.94'),
(2816, 10402, 32, 55, '58.15'),
(2817, 10402, 62, 59, '61.70'),
(2818, 10403, 1, 24, '85.17'),
(2819, 10403, 4, 66, '174.29'),
(2820, 10403, 10, 66, '122.00'),
(2821, 10403, 47, 36, '55.33'),
(2822, 10403, 58, 46, '109.32'),
(2823, 10403, 66, 27, '57.49'),
(2824, 10403, 87, 30, '35.80'),
(2825, 10403, 92, 45, '88.78'),
(2826, 10403, 96, 31, '65.09'),
(2827, 10404, 7, 64, '163.44'),
(2828, 10404, 12, 43, '102.17'),
(2829, 10404, 14, 77, '67.03'),
(2830, 10404, 43, 90, '67.54'),
(2831, 10404, 45, 28, '127.88'),
(2832, 10404, 54, 48, '124.99'),
(2833, 10404, 74, 49, '53.27'),
(2834, 10404, 84, 48, '65.48'),
(2835, 10405, 16, 97, '115.16'),
(2836, 10405, 24, 61, '72.38'),
(2837, 10405, 40, 55, '147.33'),
(2838, 10405, 71, 47, '37.38'),
(2839, 10405, 78, 76, '127.79'),
(2840, 10406, 18, 61, '124.56'),
(2841, 10406, 25, 48, '133.72'),
(2842, 10406, 46, 65, '117.26'),
(2843, 10407, 21, 59, '114.48'),
(2844, 10407, 23, 76, '141.10'),
(2845, 10407, 27, 42, '58.12'),
(2846, 10407, 34, 41, '132.00'),
(2847, 10407, 50, 6, '91.11'),
(2848, 10407, 55, 66, '64.14'),
(2849, 10407, 56, 26, '68.35'),
(2850, 10407, 59, 64, '45.78'),
(2851, 10407, 67, 76, '81.78'),
(2852, 10407, 70, 59, '98.65'),
(2853, 10407, 73, 13, '77.05'),
(2854, 10407, 76, 43, '101.73'),
(2855, 10408, 80, 15, '41.03'),
(2856, 10409, 29, 6, '104.25'),
(2857, 10409, 61, 61, '27.88'),
(2858, 10410, 19, 65, '99.66'),
(2859, 10410, 20, 44, '51.21'),
(2860, 10410, 33, 56, '145.13'),
(2861, 10410, 35, 47, '93.21'),
(2862, 10410, 36, 53, '49.97'),
(2863, 10410, 38, 34, '84.82'),
(2864, 10410, 44, 44, '81.35'),
(2865, 10410, 64, 31, '42.56'),
(2866, 10410, 82, 50, '95.44'),
(2867, 10411, 2, 23, '205.73'),
(2868, 10411, 6, 27, '144.79'),
(2869, 10411, 9, 40, '110.70'),
(2870, 10411, 17, 27, '109.67'),
(2871, 10411, 52, 46, '106.55'),
(2872, 10411, 53, 35, '41.25'),
(2873, 10411, 85, 26, '78.01'),
(2874, 10411, 90, 27, '60.76'),
(2875, 10411, 103, 34, '89.01'),
(2876, 10412, 15, 54, '100.73'),
(2877, 10412, 26, 41, '150.63'),
(2878, 10412, 28, 56, '120.28'),
(2879, 10412, 30, 47, '49.83'),
(2880, 10412, 40, 60, '157.49'),
(2881, 10412, 57, 21, '47.40'),
(2882, 10412, 65, 70, '109.90'),
(2883, 10412, 68, 30, '32.88'),
(2884, 10412, 81, 31, '108.82'),
(2885, 10412, 88, 19, '50.86'),
(2886, 10412, 94, 26, '105.33'),
(2887, 10413, 8, 36, '201.57'),
(2888, 10413, 11, 47, '145.04'),
(2889, 10413, 13, 22, '173.02'),
(2890, 10413, 49, 49, '133.57'),
(2891, 10413, 89, 24, '56.55'),
(2892, 10413, 95, 51, '53.31'),
(2893, 10414, 5, 49, '114.24'),
(2894, 10414, 37, 44, '77.42'),
(2895, 10414, 39, 41, '128.39'),
(2896, 10414, 42, 48, '85.71'),
(2897, 10414, 51, 56, '83.38'),
(2898, 10414, 63, 43, '108.14'),
(2899, 10414, 72, 60, '72.58'),
(2900, 10414, 77, 51, '72.96'),
(2901, 10414, 97, 37, '62.00'),
(2902, 10414, 99, 34, '74.48'),
(2903, 10414, 102, 31, '61.44'),
(2904, 10414, 106, 28, '84.14'),
(2905, 10414, 107, 40, '84.41'),
(2906, 10414, 110, 47, '54.60'),
(2907, 10415, 48, 51, '86.81'),
(2908, 10415, 69, 21, '60.97'),
(2909, 10415, 75, 18, '59.83'),
(2910, 10415, 100, 32, '73.32'),
(2911, 10415, 109, 42, '43.20'),
(2912, 10416, 22, 24, '129.31'),
(2913, 10416, 31, 15, '70.96'),
(2914, 10416, 60, 47, '90.82'),
(2915, 10416, 62, 32, '62.46'),
(2916, 10416, 79, 18, '64.83'),
(2917, 10416, 83, 48, '70.28'),
(2918, 10416, 86, 45, '86.90'),
(2919, 10416, 91, 26, '68.10'),
(2920, 10416, 93, 37, '39.71'),
(2921, 10416, 98, 23, '88.60'),
(2922, 10416, 101, 22, '84.76'),
(2923, 10416, 104, 41, '98.48'),
(2924, 10416, 105, 39, '65.60'),
(2925, 10416, 108, 43, '63.67'),
(2926, 10417, 1, 66, '79.43'),
(2927, 10417, 3, 45, '116.56'),
(2928, 10417, 4, 56, '162.67'),
(2929, 10417, 10, 21, '144.60'),
(2930, 10417, 32, 36, '58.75'),
(2931, 10417, 58, 35, '109.32'),
(2932, 10418, 43, 16, '70.76'),
(2933, 10418, 45, 27, '139.64'),
(2934, 10418, 47, 33, '56.57'),
(2935, 10418, 54, 28, '120.53'),
(2936, 10418, 66, 52, '64.41'),
(2937, 10418, 84, 10, '66.29'),
(2938, 10418, 87, 43, '36.61'),
(2939, 10418, 92, 50, '100.01'),
(2940, 10418, 96, 40, '72.41'),
(2941, 10419, 7, 12, '182.90'),
(2942, 10419, 12, 10, '111.57'),
(2943, 10419, 14, 34, '64.64'),
(2944, 10419, 16, 32, '99.04'),
(2945, 10419, 18, 38, '117.48'),
(2946, 10419, 21, 37, '100.80'),
(2947, 10419, 24, 39, '67.76'),
(2948, 10419, 25, 34, '133.72'),
(2949, 10419, 34, 55, '116.16'),
(2950, 10419, 40, 35, '165.95'),
(2951, 10419, 46, 43, '114.44'),
(2952, 10419, 71, 15, '32.10'),
(2953, 10419, 74, 55, '52.66'),
(2954, 10419, 78, 70, '112.34'),
(2955, 10420, 23, 37, '153.00'),
(2956, 10420, 27, 36, '52.06'),
(2957, 10420, 29, 45, '116.96'),
(2958, 10420, 50, 66, '73.62'),
(2959, 10420, 55, 36, '68.42'),
(2960, 10420, 56, 60, '60.26'),
(2961, 10420, 59, 37, '48.80'),
(2962, 10420, 61, 45, '32.19'),
(2963, 10420, 67, 39, '76.33'),
(2964, 10420, 70, 55, '115.09'),
(2965, 10420, 73, 35, '77.05'),
(2966, 10420, 76, 26, '104.94'),
(2967, 10420, 80, 15, '35.29'),
(2968, 10421, 33, 35, '167.06'),
(2969, 10421, 64, 40, '44.80'),
(2970, 10422, 19, 51, '91.44'),
(2971, 10422, 20, 25, '47.44'),
(2972, 10423, 35, 10, '89.15'),
(2973, 10423, 36, 31, '56.21'),
(2974, 10423, 38, 21, '98.44'),
(2975, 10423, 44, 21, '80.36'),
(2976, 10423, 82, 28, '78.89'),
(2977, 10424, 2, 50, '201.44'),
(2978, 10424, 9, 49, '121.64'),
(2979, 10424, 17, 54, '108.50'),
(2980, 10424, 53, 26, '40.25'),
(2981, 10424, 90, 44, '54.94');

-- --------------------------------------------------------

--
-- Cấu trúc bảng cho bảng `payments`
--

CREATE TABLE `payments` (
  `id` int(10) NOT NULL,
  `customer_id` int(10) NOT NULL,
  `check_number` varchar(50) NOT NULL,
  `payment_date` datetime NOT NULL,
  `ammount` decimal(10,2) NOT NULL
) ENGINE=InnoDB DEFAULT CHARSET=utf8mb4 ROW_FORMAT=DYNAMIC;

--
-- Đang đổ dữ liệu cho bảng `payments`
--

INSERT INTO `payments` (`id`, `customer_id`, `check_number`, `payment_date`, `ammount`) VALUES
(1, 103, 'HQ336336', '2004-10-19 00:00:00', '6066.78'),
(2, 103, 'JM555205', '2003-06-05 00:00:00', '14571.48'),
(3, 103, 'OM314933', '2004-12-18 00:00:00', '1676.14'),
(4, 112, 'BO864823', '2004-12-17 00:00:00', '14191.12'),
(5, 112, 'HQ55022', '2003-06-06 00:00:00', '32641.98'),
(6, 112, 'ND748579', '2004-08-20 00:00:00', '33347.88'),
(7, 114, 'GG31455', '2003-05-20 00:00:00', '45864.03'),
(8, 114, 'MA765515', '2004-12-15 00:00:00', '82261.22'),
(9, 114, 'NP603840', '2003-05-31 00:00:00', '7565.08'),
(10, 114, 'NR27552', '2004-03-10 00:00:00', '44894.74'),
(11, 119, 'DB933704', '2004-11-14 00:00:00', '19501.82'),
(12, 119, 'LN373447', '2004-08-08 00:00:00', '47924.19'),
(13, 119, 'NG94694', '2005-02-22 00:00:00', '49523.67'),
(14, 121, 'DB889831', '2003-02-16 00:00:00', '50218.95'),
(15, 121, 'FD317790', '2003-10-28 00:00:00', '1491.38'),
(16, 121, 'KI831359', '2004-11-04 00:00:00', '17876.32'),
(17, 121, 'MA302151', '2004-11-28 00:00:00', '34638.14'),
(18, 124, 'AE215433', '2005-03-05 00:00:00', '101244.59'),
(19, 124, 'BG255406', '2004-08-28 00:00:00', '85410.87'),
(20, 124, 'CQ287967', '2003-04-11 00:00:00', '11044.30'),
(21, 124, 'ET64396', '2005-04-16 00:00:00', '83598.04'),
(22, 124, 'HI366474', '2004-12-27 00:00:00', '47142.70'),
(23, 124, 'HR86578', '2004-11-02 00:00:00', '55639.66'),
(24, 124, 'KI131716', '2003-08-15 00:00:00', '111654.40'),
(25, 124, 'LF217299', '2004-03-26 00:00:00', '43369.30'),
(26, 124, 'NT141748', '2003-11-25 00:00:00', '45084.38'),
(27, 128, 'DI925118', '2003-01-28 00:00:00', '10549.01'),
(28, 128, 'FA465482', '2003-10-18 00:00:00', '24101.81'),
(29, 128, 'FH668230', '2004-03-24 00:00:00', '33820.62'),
(30, 128, 'IP383901', '2004-11-18 00:00:00', '7466.32'),
(31, 129, 'DM826140', '2004-12-08 00:00:00', '26248.78'),
(32, 129, 'ID449593', '2003-12-11 00:00:00', '23923.93'),
(33, 129, 'PI42991', '2003-04-09 00:00:00', '16537.85'),
(34, 131, 'CL442705', '2003-03-12 00:00:00', '22292.62'),
(35, 131, 'MA724562', '2004-12-02 00:00:00', '50025.35'),
(36, 131, 'NB445135', '2004-09-11 00:00:00', '35321.97'),
(37, 141, 'AU364101', '2003-07-19 00:00:00', '36251.03'),
(38, 141, 'DB583216', '2004-11-01 00:00:00', '36140.38'),
(39, 141, 'DL460618', '2005-05-19 00:00:00', '46895.48'),
(40, 141, 'HJ32686', '2004-01-30 00:00:00', '59830.55'),
(41, 141, 'ID10962', '2004-12-31 00:00:00', '116208.40'),
(42, 141, 'IN446258', '2005-03-25 00:00:00', '65071.26'),
(43, 141, 'JE105477', '2005-03-18 00:00:00', '120166.58'),
(44, 141, 'JN355280', '2003-10-26 00:00:00', '49539.37'),
(45, 141, 'JN722010', '2003-02-25 00:00:00', '40206.20'),
(46, 141, 'KT52578', '2003-12-09 00:00:00', '63843.55'),
(47, 141, 'MC46946', '2004-07-09 00:00:00', '35420.74'),
(48, 141, 'MF629602', '2004-08-16 00:00:00', '20009.53'),
(49, 141, 'NU627706', '2004-05-17 00:00:00', '26155.91'),
(50, 144, 'IR846303', '2004-12-12 00:00:00', '36005.71'),
(51, 144, 'LA685678', '2003-04-09 00:00:00', '7674.94'),
(52, 145, 'CN328545', '2004-07-03 00:00:00', '4710.73'),
(53, 145, 'ED39322', '2004-04-26 00:00:00', '28211.70'),
(54, 145, 'HR182688', '2004-12-01 00:00:00', '20564.86'),
(55, 145, 'JJ246391', '2003-02-20 00:00:00', '53959.21'),
(56, 146, 'FP549817', '2004-03-18 00:00:00', '40978.53'),
(57, 146, 'FU793410', '2004-01-16 00:00:00', '49614.72'),
(58, 146, 'LJ160635', '2003-12-10 00:00:00', '39712.10'),
(59, 148, 'BI507030', '2003-04-22 00:00:00', '44380.15'),
(60, 148, 'DD635282', '2004-08-11 00:00:00', '2611.84'),
(61, 148, 'KM172879', '2003-12-26 00:00:00', '105743.00'),
(62, 148, 'ME497970', '2005-03-27 00:00:00', '3516.04'),
(63, 151, 'BF686658', '2003-12-22 00:00:00', '58793.53'),
(64, 151, 'GB852215', '2004-07-26 00:00:00', '20314.44'),
(65, 151, 'IP568906', '2003-06-18 00:00:00', '58841.35'),
(66, 151, 'KI884577', '2004-12-14 00:00:00', '39964.63'),
(67, 157, 'HI618861', '2004-11-19 00:00:00', '35152.12'),
(68, 157, 'NN711988', '2004-09-07 00:00:00', '63357.13'),
(69, 161, 'BR352384', '2004-11-14 00:00:00', '2434.25'),
(70, 161, 'BR478494', '2003-11-18 00:00:00', '50743.65'),
(71, 161, 'KG644125', '2005-02-02 00:00:00', '12692.19'),
(72, 161, 'NI908214', '2003-08-05 00:00:00', '38675.13'),
(73, 166, 'BQ327613', '2004-09-16 00:00:00', '38785.48'),
(74, 166, 'DC979307', '2004-07-07 00:00:00', '44160.92'),
(75, 166, 'LA318629', '2004-02-28 00:00:00', '22474.17'),
(76, 167, 'ED743615', '2004-09-19 00:00:00', '12538.01'),
(77, 167, 'GN228846', '2003-12-03 00:00:00', '85024.46'),
(78, 171, 'GB878038', '2004-03-15 00:00:00', '18997.89'),
(79, 171, 'IL104425', '2003-11-22 00:00:00', '42783.81'),
(80, 172, 'AD832091', '2004-09-09 00:00:00', '1960.80'),
(81, 172, 'CE51751', '2004-12-04 00:00:00', '51209.58'),
(82, 172, 'EH208589', '2003-04-20 00:00:00', '33383.14'),
(83, 173, 'GP545698', '2004-05-13 00:00:00', '11843.45'),
(84, 173, 'IG462397', '2004-03-29 00:00:00', '20355.24'),
(85, 175, 'CITI3434344', '2005-05-19 00:00:00', '28500.78'),
(86, 175, 'IO448913', '2003-11-19 00:00:00', '24879.08'),
(87, 175, 'PI15215', '2004-07-10 00:00:00', '42044.77'),
(88, 177, 'AU750837', '2004-04-17 00:00:00', '15183.63'),
(89, 177, 'CI381435', '2004-01-19 00:00:00', '47177.59'),
(90, 181, 'CM564612', '2004-04-25 00:00:00', '22602.36'),
(91, 181, 'GQ132144', '2003-01-30 00:00:00', '5494.78'),
(92, 181, 'OH367219', '2004-11-16 00:00:00', '44400.50'),
(93, 186, 'AE192287', '2005-03-10 00:00:00', '23602.90'),
(94, 186, 'AK412714', '2003-10-27 00:00:00', '37602.48'),
(95, 186, 'KA602407', '2004-10-21 00:00:00', '34341.08'),
(96, 187, 'AM968797', '2004-11-03 00:00:00', '52825.29'),
(97, 187, 'BQ39062', '2004-12-08 00:00:00', '47159.11'),
(98, 187, 'KL124726', '2003-03-27 00:00:00', '48425.69'),
(99, 189, 'BO711618', '2004-10-03 00:00:00', '17359.53'),
(100, 189, 'NM916675', '2004-03-01 00:00:00', '32538.74'),
(101, 198, 'FI192930', '2004-12-06 00:00:00', '9658.74'),
(102, 198, 'HQ920205', '2003-07-06 00:00:00', '6036.96'),
(103, 198, 'IS946883', '2004-09-21 00:00:00', '5858.56'),
(104, 201, 'DP677013', '2003-10-20 00:00:00', '23908.24'),
(105, 201, 'OO846801', '2004-06-15 00:00:00', '37258.94'),
(106, 202, 'HI358554', '2003-12-18 00:00:00', '36527.61'),
(107, 202, 'IQ627690', '2004-11-08 00:00:00', '33594.58'),
(108, 204, 'GC697638', '2004-08-13 00:00:00', '51152.86'),
(109, 204, 'IS150005', '2004-09-24 00:00:00', '4424.40'),
(110, 205, 'GL756480', '2003-12-04 00:00:00', '3879.96'),
(111, 205, 'LL562733', '2003-09-05 00:00:00', '50342.74'),
(112, 205, 'NM739638', '2005-02-06 00:00:00', '39580.60'),
(113, 209, 'BOAF82044', '2005-05-03 00:00:00', '35157.75'),
(114, 209, 'ED520529', '2004-06-21 00:00:00', '4632.31'),
(115, 209, 'PH785937', '2004-05-04 00:00:00', '36069.26'),
(116, 211, 'BJ535230', '2003-12-09 00:00:00', '45480.79'),
(117, 216, 'BG407567', '2003-05-09 00:00:00', '3101.40'),
(118, 216, 'ML780814', '2004-12-06 00:00:00', '24945.21'),
(119, 216, 'MM342086', '2003-12-14 00:00:00', '40473.86'),
(120, 219, 'BN17870', '2005-03-02 00:00:00', '3452.75'),
(121, 219, 'BR941480', '2003-10-18 00:00:00', '4465.85'),
(122, 227, 'MQ413968', '2003-10-31 00:00:00', '36164.46'),
(123, 227, 'NU21326', '2004-11-02 00:00:00', '53745.34'),
(124, 233, 'BOFA23232', '2005-05-20 00:00:00', '29070.38'),
(125, 233, 'II180006', '2004-07-01 00:00:00', '22997.45'),
(126, 233, 'JG981190', '2003-11-18 00:00:00', '16909.84'),
(127, 239, 'NQ865547', '2004-03-15 00:00:00', '80375.24'),
(128, 240, 'IF245157', '2004-11-16 00:00:00', '46788.14'),
(129, 240, 'JO719695', '2004-03-28 00:00:00', '24995.61'),
(130, 242, 'AF40894', '2003-11-22 00:00:00', '33818.34'),
(131, 242, 'HR224331', '2005-06-03 00:00:00', '12432.32'),
(132, 242, 'KI744716', '2003-07-21 00:00:00', '14232.70'),
(133, 249, 'IJ399820', '2004-09-19 00:00:00', '33924.24'),
(134, 249, 'NE404084', '2004-09-04 00:00:00', '48298.99'),
(135, 250, 'EQ12267', '2005-05-17 00:00:00', '17928.09'),
(136, 250, 'HD284647', '2004-12-30 00:00:00', '26311.63'),
(137, 250, 'HN114306', '2003-07-18 00:00:00', '23419.47'),
(138, 256, 'EP227123', '2004-02-10 00:00:00', '5759.42'),
(139, 256, 'HE84936', '2004-10-22 00:00:00', '53116.99'),
(140, 259, 'EU280955', '2004-11-06 00:00:00', '61234.67'),
(141, 259, 'GB361972', '2003-12-07 00:00:00', '27988.47'),
(142, 260, 'IO164641', '2004-08-30 00:00:00', '37527.58'),
(143, 260, 'NH776924', '2004-04-24 00:00:00', '29284.42'),
(144, 276, 'EM979878', '2005-02-09 00:00:00', '27083.78'),
(145, 276, 'KM841847', '2003-11-13 00:00:00', '38547.19'),
(146, 276, 'LE432182', '2003-09-28 00:00:00', '41554.73'),
(147, 276, 'OJ819725', '2005-04-30 00:00:00', '29848.52'),
(148, 278, 'BJ483870', '2004-12-05 00:00:00', '37654.09'),
(149, 278, 'GP636783', '2003-03-02 00:00:00', '52151.81'),
(150, 278, 'NI983021', '2003-11-24 00:00:00', '37723.79'),
(151, 282, 'IA793562', '2003-08-03 00:00:00', '24013.52'),
(152, 282, 'JT819493', '2004-08-02 00:00:00', '35806.73'),
(153, 282, 'OD327378', '2005-01-03 00:00:00', '31835.36'),
(154, 286, 'DR578578', '2004-10-28 00:00:00', '47411.33'),
(155, 286, 'KH910279', '2004-09-05 00:00:00', '43134.04'),
(156, 298, 'AJ574927', '2004-03-13 00:00:00', '47375.92'),
(157, 298, 'LF501133', '2004-09-18 00:00:00', '61402.00'),
(158, 299, 'AD304085', '2003-10-24 00:00:00', '36798.88'),
(159, 299, 'NR157385', '2004-09-05 00:00:00', '32260.16'),
(160, 311, 'DG336041', '2005-02-15 00:00:00', '46770.52'),
(161, 311, 'FA728475', '2003-10-06 00:00:00', '32723.04'),
(162, 311, 'NQ966143', '2004-04-25 00:00:00', '16212.59'),
(163, 314, 'LQ244073', '2004-08-09 00:00:00', '45352.47'),
(164, 314, 'MD809704', '2004-03-03 00:00:00', '16901.38'),
(165, 319, 'HL685576', '2004-11-06 00:00:00', '42339.76'),
(166, 319, 'OM548174', '2003-12-07 00:00:00', '36092.40'),
(167, 320, 'GJ597719', '2005-01-18 00:00:00', '8307.28'),
(168, 320, 'HO576374', '2003-08-20 00:00:00', '41016.75'),
(169, 320, 'MU817160', '2003-11-24 00:00:00', '52548.49'),
(170, 321, 'DJ15149', '2003-11-03 00:00:00', '85559.12'),
(171, 321, 'LA556321', '2005-03-15 00:00:00', '46781.66'),
(172, 323, 'AL493079', '2005-05-23 00:00:00', '75020.13'),
(173, 323, 'ES347491', '2004-06-24 00:00:00', '37281.36'),
(174, 323, 'HG738664', '2003-07-05 00:00:00', '2880.00'),
(175, 323, 'PQ803830', '2004-12-24 00:00:00', '39440.59'),
(176, 324, 'DQ409197', '2004-12-13 00:00:00', '13671.82'),
(177, 324, 'FP443161', '2003-07-07 00:00:00', '29429.14'),
(178, 324, 'HB150714', '2003-11-23 00:00:00', '37455.77'),
(179, 328, 'EN930356', '2004-04-16 00:00:00', '7178.66'),
(180, 328, 'NR631421', '2004-05-30 00:00:00', '31102.85'),
(181, 333, 'HL209210', '2003-11-15 00:00:00', '23936.53'),
(182, 333, 'JK479662', '2003-10-17 00:00:00', '9821.32'),
(183, 333, 'NF959653', '2005-03-01 00:00:00', '21432.31'),
(184, 334, 'CS435306', '2005-01-27 00:00:00', '45785.34'),
(185, 334, 'HH517378', '2003-08-16 00:00:00', '29716.86'),
(186, 334, 'LF737277', '2004-05-22 00:00:00', '28394.54'),
(187, 339, 'AP286625', '2004-10-24 00:00:00', '23333.06'),
(188, 339, 'DA98827', '2003-11-28 00:00:00', '34606.28'),
(189, 344, 'AF246722', '2003-11-24 00:00:00', '31428.21'),
(190, 344, 'NJ906924', '2004-04-02 00:00:00', '15322.93'),
(191, 347, 'DG700707', '2004-01-18 00:00:00', '21053.69'),
(192, 347, 'LG808674', '2003-10-24 00:00:00', '20452.50'),
(193, 350, 'BQ602907', '2004-12-11 00:00:00', '18888.31'),
(194, 350, 'CI471510', '2003-05-25 00:00:00', '50824.66'),
(195, 350, 'OB648482', '2005-01-29 00:00:00', '1834.56'),
(196, 353, 'CO351193', '2005-01-10 00:00:00', '49705.52'),
(197, 353, 'ED878227', '2003-07-21 00:00:00', '13920.26'),
(198, 353, 'GT878649', '2003-05-21 00:00:00', '16700.47'),
(199, 353, 'HJ618252', '2005-06-09 00:00:00', '46656.94'),
(200, 357, 'AG240323', '2003-12-16 00:00:00', '20220.04'),
(201, 357, 'NB291497', '2004-05-15 00:00:00', '36442.34'),
(202, 362, 'FP170292', '2004-07-11 00:00:00', '18473.71'),
(203, 362, 'OG208861', '2004-09-21 00:00:00', '15059.76'),
(204, 363, 'HL575273', '2004-11-17 00:00:00', '50799.69'),
(205, 363, 'IS232033', '2003-01-16 00:00:00', '10223.83'),
(206, 363, 'PN238558', '2003-12-05 00:00:00', '55425.77'),
(207, 379, 'CA762595', '2005-02-12 00:00:00', '28322.83'),
(208, 379, 'FR499138', '2003-09-16 00:00:00', '32680.31'),
(209, 379, 'GB890854', '2004-08-02 00:00:00', '12530.51'),
(210, 381, 'BC726082', '2004-12-03 00:00:00', '12081.52'),
(211, 381, 'CC475233', '2003-04-19 00:00:00', '1627.56'),
(212, 381, 'GB117430', '2005-02-03 00:00:00', '14379.90'),
(213, 381, 'MS154481', '2003-08-22 00:00:00', '1128.20'),
(214, 382, 'CC871084', '2003-05-12 00:00:00', '35826.33'),
(215, 382, 'CT821147', '2004-08-01 00:00:00', '6419.84'),
(216, 382, 'PH29054', '2004-11-27 00:00:00', '42813.83'),
(217, 385, 'BN347084', '2003-12-02 00:00:00', '20644.24'),
(218, 385, 'CP804873', '2004-11-19 00:00:00', '15822.84'),
(219, 385, 'EK785462', '2003-03-09 00:00:00', '51001.22'),
(220, 386, 'DO106109', '2003-11-18 00:00:00', '38524.29'),
(221, 386, 'HG438769', '2004-07-18 00:00:00', '51619.02'),
(222, 398, 'AJ478695', '2005-02-14 00:00:00', '33967.73'),
(223, 398, 'DO787644', '2004-06-21 00:00:00', '22037.91'),
(224, 398, 'JPMR4544', '2005-05-18 00:00:00', '615.45'),
(225, 398, 'KB54275', '2004-11-29 00:00:00', '48927.64'),
(226, 406, 'BJMPR4545', '2005-04-23 00:00:00', '12190.85'),
(227, 406, 'HJ217687', '2004-01-28 00:00:00', '49165.16'),
(228, 406, 'NA197101', '2004-06-17 00:00:00', '25080.96'),
(229, 412, 'GH197075', '2004-07-25 00:00:00', '35034.57'),
(230, 412, 'PJ434867', '2004-04-14 00:00:00', '31670.37'),
(231, 415, 'ER54537', '2004-09-28 00:00:00', '31310.09'),
(232, 424, 'KF480160', '2004-12-07 00:00:00', '25505.98'),
(233, 424, 'LM271923', '2003-04-16 00:00:00', '21665.98'),
(234, 424, 'OA595449', '2003-10-31 00:00:00', '22042.37'),
(235, 447, 'AO757239', '2003-09-15 00:00:00', '6631.36'),
(236, 447, 'ER615123', '2003-06-25 00:00:00', '17032.29'),
(237, 447, 'OU516561', '2004-12-17 00:00:00', '26304.13'),
(238, 448, 'FS299615', '2005-04-18 00:00:00', '27966.54'),
(239, 448, 'KR822727', '2004-09-30 00:00:00', '48809.90'),
(240, 450, 'EF485824', '2004-06-21 00:00:00', '59551.38'),
(241, 452, 'ED473873', '2003-11-15 00:00:00', '27121.90'),
(242, 452, 'FN640986', '2003-11-20 00:00:00', '15130.97'),
(243, 452, 'HG635467', '2005-05-03 00:00:00', '8807.12'),
(244, 455, 'HA777606', '2003-12-05 00:00:00', '38139.18'),
(245, 455, 'IR662429', '2004-05-12 00:00:00', '32239.47'),
(246, 456, 'GJ715659', '2004-11-13 00:00:00', '27550.51'),
(247, 456, 'MO743231', '2004-04-30 00:00:00', '1679.92'),
(248, 458, 'DD995006', '2004-11-15 00:00:00', '33145.56'),
(249, 458, 'NA377824', '2004-02-06 00:00:00', '22162.61'),
(250, 458, 'OO606861', '2003-06-13 00:00:00', '57131.92'),
(251, 462, 'ED203908', '2005-04-15 00:00:00', '30293.77'),
(252, 462, 'GC60330', '2003-11-08 00:00:00', '9977.85'),
(253, 462, 'PE176846', '2004-11-27 00:00:00', '48355.87'),
(254, 471, 'AB661578', '2004-07-28 00:00:00', '9415.13'),
(255, 471, 'CO645196', '2003-12-10 00:00:00', '35505.63'),
(256, 473, 'LL427009', '2004-02-17 00:00:00', '7612.06'),
(257, 473, 'PC688499', '2003-10-27 00:00:00', '17746.26'),
(258, 475, 'JP113227', '2003-12-09 00:00:00', '7678.25'),
(259, 475, 'PB951268', '2004-02-13 00:00:00', '36070.47'),
(260, 484, 'GK294076', '2004-10-26 00:00:00', '3474.66'),
(261, 484, 'JH546765', '2003-11-29 00:00:00', '47513.19'),
(262, 486, 'BL66528', '2004-04-14 00:00:00', '5899.38'),
(263, 486, 'HS86661', '2004-11-23 00:00:00', '45994.07'),
(264, 486, 'JB117768', '2003-03-20 00:00:00', '25833.14'),
(265, 487, 'AH612904', '2003-09-28 00:00:00', '29997.09'),
(266, 487, 'PT550181', '2004-02-29 00:00:00', '12573.28'),
(267, 489, 'OC773849', '2003-12-04 00:00:00', '22275.73'),
(268, 489, 'PO860906', '2004-01-31 00:00:00', '7310.42'),
(269, 495, 'BH167026', '2003-12-26 00:00:00', '59265.14'),
(270, 495, 'FN155234', '2004-05-14 00:00:00', '6276.60'),
(271, 496, 'EU531600', '2005-05-25 00:00:00', '30253.75'),
(272, 496, 'MB342426', '2003-07-16 00:00:00', '32077.44'),
(273, 496, 'MN89921', '2004-12-31 00:00:00', '52166.00'),
(274, 103, 'ádasdasd', '2022-01-20 16:36:03', '123213.00');

-- --------------------------------------------------------

--
-- Cấu trúc bảng cho bảng `products`
--

CREATE TABLE `products` (
  `id` int(10) NOT NULL,
  `product_code` varchar(50) NOT NULL,
  `product_name` varchar(255) NOT NULL,
  `product_description` varchar(2500) DEFAULT NULL,
  `product_line_id` int(10) DEFAULT NULL,
  `product_scale` varchar(50) NOT NULL,
  `product_vendor` varchar(50) NOT NULL,
  `quantity_in_stock` int(10) NOT NULL,
  `buy_price` decimal(10,2) NOT NULL
) ENGINE=InnoDB DEFAULT CHARSET=utf8mb4 ROW_FORMAT=DYNAMIC;

--
-- Đang đổ dữ liệu cho bảng `products`
--

INSERT INTO `products` (`id`, `product_code`, `product_name`, `product_description`, `product_line_id`, `product_scale`, `product_vendor`, `quantity_in_stock`, `buy_price`) VALUES
(1, 'S10_1678', '1969 Harley Davidson Ultimate Chopper', 'This replica features working kickstand, front suspension, gear-shift lever, footbrake lever, drive chain, wheels and steering. All parts are particularly delicate due to their precise scale and require special care and attention.', 2, '1:10', 'Min Lin Diecast', 7933, '48.81'),
(2, 'S10_1949', '1952 Alpine Renault 1300', 'Turnable front wheels; steering function; detailed interior; detailed engine; opening hood; opening trunk; opening doors; and detailed chassis.', 1, '1:10', 'Classic Metal Creations', 7305, '98.58'),
(3, 'S10_2016', '1996 Moto Guzzi 1100i', 'Official Moto Guzzi logos and insignias, saddle bags located on side of motorcycle, detailed engine, working steering, working suspension, two leather seats, luggage rack, dual exhaust pipes, small saddle bag located on handle bars, two-tone paint with chrome accents, superior die-cast detail , rotating wheels , working kick stand, diecast metal with plastic parts and baked enamel finish.', 2, '1:10', 'Highway 66 Mini Classics', 6625, '68.99'),
(4, 'S10_4698', '2003 Harley-Davidson Eagle Drag Bike', 'Model features, official Harley Davidson logos and insignias, detachable rear wheelie bar, heavy diecast metal with resin parts, authentic multi-color tampo-printed graphics, separate engine drive belts, free-turning front fork, rotating tires and rear racing slick, certificate of authenticity, detailed engine, display stand , precision diecast replica, baked enamel finish, 1:10 scale model, removable fender, seat and tank cover piece for displaying the superior detail of the v-twin engine', 2, '1:10', 'Red Start Diecast', 5582, '91.02'),
(5, 'S10_4757', '1972 Alfa Romeo GTA', 'Features include: Turnable front wheels; steering function; detailed interior; detailed engine; opening hood; opening trunk; opening doors; and detailed chassis.', 1, '1:10', 'Motor City Art Classics', 3252, '85.68'),
(6, 'S10_4962', '1962 LanciaA Delta 16V', 'Features include: Turnable front wheels; steering function; detailed interior; detailed engine; opening hood; opening trunk; opening doors; and detailed chassis.', 1, '1:10', 'Second Gear Diecast', 6791, '103.42'),
(7, 'S12_1099', '1968 Ford Mustang', 'Hood, doors and trunk all open to reveal highly detailed interior features. Steering wheel actually turns the front wheels. Color dark green.', 1, '1:12', 'Autoart Studio Design', 68, '95.34'),
(8, 'S12_1108', '2001 Ferrari Enzo', 'Turnable front wheels; steering function; detailed interior; detailed engine; opening hood; opening trunk; opening doors; and detailed chassis.', 1, '1:12', 'Second Gear Diecast', 3619, '95.59'),
(9, 'S12_1666', '1958 Setra Bus', 'Model features 30 windows, skylights & glare resistant glass, working steering system, original logos', 6, '1:12', 'Welly Diecast Productions', 1579, '77.90'),
(10, 'S12_2823', '2002 Suzuki XREO', 'Official logos and insignias, saddle bags located on side of motorcycle, detailed engine, working steering, working suspension, two leather seats, luggage rack, dual exhaust pipes, small saddle bag located on handle bars, two-tone paint with chrome accents, superior die-cast detail , rotating wheels , working kick stand, diecast metal with plastic parts and baked enamel finish.', 2, '1:12', 'Unimax Art Galleries', 9997, '66.27'),
(11, 'S12_3148', '1969 Corvair Monza', '1:18 scale die-cast about 10\" long doors open, hood opens, trunk opens and wheels roll', 1, '1:18', 'Welly Diecast Productions', 6906, '89.14'),
(12, 'S12_3380', '1968 Dodge Charger', '1:12 scale model of a 1968 Dodge Charger. Hood, doors and trunk all open to reveal highly detailed interior features. Steering wheel actually turns the front wheels. Color black', 1, '1:12', 'Welly Diecast Productions', 9123, '75.16'),
(13, 'S12_3891', '1969 Ford Falcon', 'Turnable front wheels; steering function; detailed interior; detailed engine; opening hood; opening trunk; opening doors; and detailed chassis.', 1, '1:12', 'Second Gear Diecast', 1049, '83.05'),
(14, 'S12_3990', '1970 Plymouth Hemi Cuda', 'Very detailed 1970 Plymouth Cuda model in 1:12 scale. The Cuda is generally accepted as one of the fastest original muscle cars from the 1970s. This model is a reproduction of one of the orginal 652 cars built in 1970. Red color.', 1, '1:12', 'Studio M Art Models', 5663, '31.92'),
(15, 'S12_4473', '1957 Chevy Pickup', '1:12 scale die-cast about 20\" long Hood opens, Rubber wheels', 6, '1:12', 'Exoto Designs', 6125, '55.70'),
(16, 'S12_4675', '1969 Dodge Charger', 'Detailed model of the 1969 Dodge Charger. This model includes finely detailed interior and exterior features. Painted in red and white.', 1, '1:12', 'Welly Diecast Productions', 7323, '58.73'),
(17, 'S18_1097', '1940 Ford Pickup Truck', 'This model features soft rubber tires, working steering, rubber mud guards, authentic Ford logos, detailed undercarriage, opening doors and hood, removable split rear gate, full size spare mounted in bed, detailed interior with opening glove box', 6, '1:18', 'Studio M Art Models', 2613, '58.33'),
(18, 'S18_1129', '1993 Mazda RX-7', 'This model features, opening hood, opening doors, detailed engine, rear spoiler, opening trunk, working steering, tinted windows, baked enamel finish. Color red.', 1, '1:18', 'Highway 66 Mini Classics', 3975, '83.51'),
(19, 'S18_1342', '1937 Lincoln Berline', 'Features opening engine cover, doors, trunk, and fuel filler cap. Color black', 7, '1:18', 'Motor City Art Classics', 8693, '60.62'),
(20, 'S18_1367', '1936 Mercedes-Benz 500K Special Roadster', 'This 1:18 scale replica is constructed of heavy die-cast metal and has all the features of the original: working doors and rumble seat, independent spring suspension, detailed interior, working steering system, and a bifold hood that reveals an engine so accurate that it even includes the wiring. All this is topped off with a baked enamel finish. Color white.', 7, '1:18', 'Studio M Art Models', 8635, '24.26'),
(21, 'S18_1589', '1965 Aston Martin DB5', 'Die-cast model of the silver 1965 Aston Martin DB5 in silver. This model includes full wire wheels and doors that open with fully detailed passenger compartment. In 1:18 scale, this model measures approximately 10 inches/20 cm long.', 1, '1:18', 'Classic Metal Creations', 9042, '65.96'),
(22, 'S18_1662', '1980s Black Hawk Helicopter', '1:18 scale replica of actual Army\'s UH-60L BLACK HAWK Helicopter. 100% hand-assembled. Features rotating rotor blades, propeller blades and rubber wheels.', 3, '1:18', 'Red Start Diecast', 5330, '77.27'),
(23, 'S18_1749', '1917 Grand Touring Sedan', 'This 1:18 scale replica of the 1917 Grand Touring car has all the features you would expect from museum quality reproductions: all four doors and bi-fold hood opening, detailed engine and instrument panel, chrome-look trim, and tufted upholstery, all topped off with a factory baked-enamel finish.', 7, '1:18', 'Welly Diecast Productions', 2724, '86.70'),
(24, 'S18_1889', '1948 Porsche 356-A Roadster', 'This precision die-cast replica features opening doors, superb detail and craftsmanship, working steering system, opening forward compartment, opening rear trunk with removable spare, 4 wheel independent spring suspension as well as factory baked enamel finish.', 1, '1:18', 'Gearbox Collectibles', 8826, '53.90'),
(25, 'S18_1984', '1995 Honda Civic', 'This model features, opening hood, opening doors, detailed engine, rear spoiler, opening trunk, working steering, tinted windows, baked enamel finish. Color yellow.', 1, '1:18', 'Min Lin Diecast', 9772, '93.89'),
(26, 'S18_2238', '1998 Chrysler Plymouth Prowler', 'Turnable front wheels; steering function; detailed interior; detailed engine; opening hood; opening trunk; opening doors; and detailed chassis.', 1, '1:18', 'Gearbox Collectibles', 4724, '101.51'),
(27, 'S18_2248', '1911 Ford Town Car', 'Features opening hood, opening doors, opening trunk, wide white wall tires, front door arm rests, working steering system.', 7, '1:18', 'Motor City Art Classics', 540, '33.30'),
(28, 'S18_2319', '1964 Mercedes Tour Bus', 'Exact replica. 100+ parts. working steering system, original logos', 6, '1:18', 'Unimax Art Galleries', 8258, '74.86'),
(29, 'S18_2325', '1932 Model A Ford J-Coupe', 'This model features grille-mounted chrome horn, lift-up louvered hood, fold-down rumble seat, working steering system, chrome-covered spare, opening doors, detailed and wired engine', 7, '1:18', 'Autoart Studio Design', 9354, '58.48'),
(30, 'S18_2432', '1926 Ford Fire Engine', 'Gleaming red handsome appearance. Everything is here the fire hoses, ladder, axes, bells, lanterns, ready to fight any inferno.', 6, '1:18', 'Carousel DieCast Legends', 2018, '24.92'),
(31, 'S18_2581', 'P-51-D Mustang', 'Has retractable wheels and comes with a stand', 3, '0.091666667', 'Gearbox Collectibles', 992, '49.00'),
(32, 'S18_2625', '1936 Harley Davidson El Knucklehead', 'Intricately detailed with chrome accents and trim, official die-struck logos and baked enamel finish.', 2, '1:18', 'Welly Diecast Productions', 4357, '24.23'),
(33, 'S18_2795', '1928 Mercedes-Benz SSK', 'This 1:18 replica features grille-mounted chrome horn, lift-up louvered hood, fold-down rumble seat, working steering system, chrome-covered spare, opening doors, detailed and wired engine. Color black.', 7, '1:18', 'Gearbox Collectibles', 548, '72.56'),
(34, 'S18_2870', '1999 Indy 500 Monte Carlo SS', 'Features include opening and closing doors. Color: Red', 1, '1:18', 'Red Start Diecast', 8164, '56.76'),
(35, 'S18_2949', '1913 Ford Model T Speedster', 'This 250 part reproduction includes moving handbrakes, clutch, throttle and foot pedals, squeezable horn, detailed wired engine, removable water, gas, and oil cans, pivoting monocle windshield, all topped with a baked enamel red finish. Each replica comes with an Owners Title and Certificate of Authenticity. Color red.', 7, '1:18', 'Carousel DieCast Legends', 4189, '60.78'),
(36, 'S18_2957', '1934 Ford V8 Coupe', 'Chrome Trim, Chrome Grille, Opening Hood, Opening Doors, Opening Trunk, Detailed Engine, Working Steering System', 7, '1:18', 'Min Lin Diecast', 5649, '34.35'),
(37, 'S18_3029', '1999 Yamaha Speed Boat', 'Exact replica. Wood and Metal. Many extras including rigging, long boats, pilot house, anchors, etc. Comes with three masts, all square-rigged.', 4, '1:18', 'Min Lin Diecast', 4259, '51.61'),
(38, 'S18_3136', '18th Century Vintage Horse Carriage', 'Hand crafted diecast-like metal horse carriage is re-created in about 1:18 scale of antique horse carriage. This antique style metal Stagecoach is all hand-assembled with many different parts. This collectible metal horse carriage is painted in classic Red, and features turning steering wheel and is entirely hand-finished.', 7, '1:18', 'Red Start Diecast', 5992, '60.74'),
(39, 'S18_3140', '1903 Ford Model A', 'Features opening trunk, working steering system', 7, '1:18', 'Unimax Art Galleries', 3913, '68.30'),
(40, 'S18_3232', '1992 Ferrari 360 Spider red', 'his replica features opening doors, superb detail and craftsmanship, working steering system, opening forward compartment, opening rear trunk with removable spare, 4 wheel independent spring suspension as well as factory baked enamel finish.', 1, '1:18', 'Unimax Art Galleries', 8347, '77.90'),
(41, 'S18_3233', '1985 Toyota Supra', 'This model features soft rubber tires, working steering, rubber mud guards, authentic Ford logos, detailed undercarriage, opening doors and hood, removable split rear gate, full size spare mounted in bed, detailed interior with opening glove box', 1, '1:18', 'Highway 66 Mini Classics', 7733, '57.01'),
(42, 'S18_3259', 'Collectable Wooden Train', 'Hand crafted wooden toy train set is in about 1:18 scale, 25 inches in total length including 2 additional carts, of actual vintage train. This antique style wooden toy train model set is all hand-assembled with 100% wood.', 5, '1:18', 'Carousel DieCast Legends', 6450, '67.56'),
(43, 'S18_3278', '1969 Dodge Super Bee', 'This replica features opening doors, superb detail and craftsmanship, working steering system, opening forward compartment, opening rear trunk with removable spare, 4 wheel independent spring suspension as well as factory baked enamel finish.', 1, '1:18', 'Min Lin Diecast', 1917, '49.05'),
(44, 'S18_3320', '1917 Maxwell Touring Car', 'Features Gold Trim, Full Size Spare Tire, Chrome Trim, Chrome Grille, Opening Hood, Opening Doors, Opening Trunk, Detailed Engine, Working Steering System', 7, '1:18', 'Exoto Designs', 7913, '57.54'),
(45, 'S18_3482', '1976 Ford Gran Torino', 'Highly detailed 1976 Ford Gran Torino \"Starsky and Hutch\" diecast model. Very well constructed and painted in red and white patterns.', 1, '1:18', 'Gearbox Collectibles', 9127, '73.49'),
(46, 'S18_3685', '1948 Porsche Type 356 Roadster', 'This model features working front and rear suspension on accurately replicated and actuating shock absorbers as well as opening engine cover, rear stabilizer flap, and 4 opening doors.', 1, '1:18', 'Gearbox Collectibles', 8990, '62.16'),
(47, 'S18_3782', '1957 Vespa GS150', 'Features rotating wheels , working kick stand. Comes with stand.', 2, '1:18', 'Studio M Art Models', 7689, '32.95'),
(48, 'S18_3856', '1941 Chevrolet Special Deluxe Cabriolet', 'Features opening hood, opening doors, opening trunk, wide white wall tires, front door arm rests, working steering system, leather upholstery. Color black.', 7, '1:18', 'Exoto Designs', 2378, '64.58'),
(49, 'S18_4027', '1970 Triumph Spitfire', 'Features include opening and closing doors. Color: White.', 1, '1:18', 'Min Lin Diecast', 5545, '91.92'),
(50, 'S18_4409', '1932 Alfa Romeo 8C2300 Spider Sport', 'This 1:18 scale precision die cast replica features the 6 front headlights of the original, plus a detailed version of the 142 horsepower straight 8 engine, dual spares and their famous comprehensive dashboard. Color black.', 7, '1:18', 'Exoto Designs', 6553, '43.26'),
(51, 'S18_4522', '1904 Buick Runabout', 'Features opening trunk, working steering system', 7, '1:18', 'Exoto Designs', 8290, '52.66'),
(52, 'S18_4600', '1940s Ford truck', 'This 1940s Ford Pick-Up truck is re-created in 1:18 scale of original 1940s Ford truck. This antique style metal 1940s Ford Flatbed truck is all hand-assembled. This collectible 1940\'s Pick-Up truck is painted in classic dark green color, and features rotating wheels.', 6, '1:18', 'Motor City Art Classics', 3128, '84.76'),
(53, 'S18_4668', '1939 Cadillac Limousine', 'Features completely detailed interior including Velvet flocked drapes,deluxe wood grain floor, and a wood grain casket with seperate chrome handles', 7, '1:18', 'Studio M Art Models', 6645, '23.14'),
(54, 'S18_4721', '1957 Corvette Convertible', '1957 die cast Corvette Convertible in Roman Red with white sides and whitewall tires. 1:18 scale quality die-cast with detailed engine and underbvody. Now you can own The Classic Corvette.', 1, '1:18', 'Classic Metal Creations', 1249, '69.93'),
(55, 'S18_4933', '1957 Ford Thunderbird', 'This 1:18 scale precision die-cast replica, with its optional porthole hardtop and factory baked-enamel Thunderbird Bronze finish, is a 100% accurate rendition of this American classic.', 1, '1:18', 'Studio M Art Models', 3209, '34.21'),
(56, 'S24_1046', '1970 Chevy Chevelle SS 454', 'This model features rotating wheels, working streering system and opening doors. All parts are particularly delicate due to their precise scale and require special care and attention. It should not be picked up by the doors, roof, hood or trunk.', 1, '1:24', 'Unimax Art Galleries', 1005, '49.24'),
(57, 'S24_1444', '1970 Dodge Coronet', '1:24 scale die-cast about 18\" long doors open, hood opens and rubber wheels', 1, '1:24', 'Highway 66 Mini Classics', 4074, '32.37'),
(58, 'S24_1578', '1997 BMW R 1100 S', 'Detailed scale replica with working suspension and constructed from over 70 parts', 2, '1:24', 'Autoart Studio Design', 7003, '60.86'),
(59, 'S24_1628', '1966 Shelby Cobra 427 S/C', 'This diecast model of the 1966 Shelby Cobra 427 S/C includes many authentic details and operating parts. The 1:24 scale model of this iconic lighweight sports car from the 1960s comes in silver and it\'s own display case.', 1, '1:24', 'Carousel DieCast Legends', 8197, '29.18'),
(60, 'S24_1785', '1928 British Royal Navy Airplane', 'Official logos and insignias', 3, '1:24', 'Classic Metal Creations', 3627, '66.74'),
(61, 'S24_1937', '1939 Chevrolet Deluxe Coupe', 'This 1:24 scale die-cast replica of the 1939 Chevrolet Deluxe Coupe has the same classy look as the original. Features opening trunk, hood and doors and a showroom quality baked enamel finish.', 7, '1:24', 'Motor City Art Classics', 7332, '22.57'),
(62, 'S24_2000', '1960 BSA Gold Star DBD34', 'Detailed scale replica with working suspension and constructed from over 70 parts', 2, '1:24', 'Highway 66 Mini Classics', 15, '37.32'),
(63, 'S24_2011', '18th century schooner', 'All wood with canvas sails. Many extras including rigging, long boats, pilot house, anchors, etc. Comes with 4 masts, all square-rigged.', 4, '1:24', 'Carousel DieCast Legends', 1898, '82.34'),
(64, 'S24_2022', '1938 Cadillac V-16 Presidential Limousine', 'This 1:24 scale precision die cast replica of the 1938 Cadillac V-16 Presidential Limousine has all the details of the original, from the flags on the front to an opening back seat compartment complete with telephone and rifle. Features factory baked-enamel black finish, hood goddess ornament, working jump seats.', 7, '1:24', 'Classic Metal Creations', 2847, '20.61'),
(65, 'S24_2300', '1962 Volkswagen Microbus', 'This 1:18 scale die cast replica of the 1962 Microbus is loaded with features: A working steering system, opening front doors and tailgate, and famous two-tone factory baked enamel finish, are all topped of by the sliding, real fabric, sunroof.', 6, '1:24', 'Autoart Studio Design', 2327, '61.34'),
(66, 'S24_2360', '1982 Ducati 900 Monster', 'Features two-tone paint with chrome accents, superior die-cast detail , rotating wheels , working kick stand', 2, '1:24', 'Highway 66 Mini Classics', 6840, '47.10'),
(67, 'S24_2766', '1949 Jaguar XK 120', 'Precision-engineered from original Jaguar specification in perfect scale ratio. Features opening doors, superb detail and craftsmanship, working steering system, opening forward compartment, opening rear trunk with removable spare, 4 wheel independent spring suspension as well as factory baked enamel finish.', 1, '1:24', 'Classic Metal Creations', 2350, '47.25'),
(68, 'S24_2840', '1958 Chevy Corvette Limited Edition', 'The operating parts of this 1958 Chevy Corvette Limited Edition are particularly delicate due to their precise scale and require special care and attention. Features rotating wheels, working streering, opening doors and trunk. Color dark green.', 1, '1:24', 'Carousel DieCast Legends', 2542, '15.91'),
(69, 'S24_2841', '1900s Vintage Bi-Plane', 'Hand crafted diecast-like metal bi-plane is re-created in about 1:24 scale of antique pioneer airplane. All hand-assembled with many different parts. Hand-painted in classic yellow and features correct markings of original airplane.', 3, '1:24', 'Autoart Studio Design', 5942, '34.25'),
(70, 'S24_2887', '1952 Citroen-15CV', 'Precision crafted hand-assembled 1:18 scale reproduction of the 1952 15CV, with its independent spring suspension, working steering system, opening doors and hood, detailed engine and instrument panel, all topped of with a factory fresh baked enamel finish.', 1, '1:24', 'Exoto Designs', 1452, '72.82'),
(71, 'S24_2972', '1982 Lamborghini Diablo', 'This replica features opening doors, superb detail and craftsmanship, working steering system, opening forward compartment, opening rear trunk with removable spare, 4 wheel independent spring suspension as well as factory baked enamel finish.', 1, '1:24', 'Second Gear Diecast', 7723, '16.24'),
(72, 'S24_3151', '1912 Ford Model T Delivery Wagon', 'This model features chrome trim and grille, opening hood, opening doors, opening trunk, detailed engine, working steering system. Color white.', 7, '1:24', 'Min Lin Diecast', 9173, '46.91'),
(73, 'S24_3191', '1969 Chevrolet Camaro Z28', '1969 Z/28 Chevy Camaro 1:24 scale replica. The operating parts of this limited edition 1:24 scale diecast model car 1969 Chevy Camaro Z28- hood, trunk, wheels, streering, suspension and doors- are particularly delicate due to their precise scale and require special care and attention.', 1, '1:24', 'Exoto Designs', 4695, '50.51'),
(74, 'S24_3371', '1971 Alpine Renault 1600s', 'This 1971 Alpine Renault 1600s replica Features opening doors, superb detail and craftsmanship, working steering system, opening forward compartment, opening rear trunk with removable spare, 4 wheel independent spring suspension as well as factory baked enamel finish.', 1, '1:24', 'Welly Diecast Productions', 7995, '38.58'),
(75, 'S24_3420', '1937 Horch 930V Limousine', 'Features opening hood, opening doors, opening trunk, wide white wall tires, front door arm rests, working steering system', 7, '1:24', 'Autoart Studio Design', 2902, '26.30'),
(76, 'S24_3432', '2002 Chevy Corvette', 'The operating parts of this limited edition Diecast 2002 Chevy Corvette 50th Anniversary Pace car Limited Edition are particularly delicate due to their precise scale and require special care and attention. Features rotating wheels, poseable streering, opening doors and trunk.', 1, '1:24', 'Gearbox Collectibles', 9446, '62.11'),
(77, 'S24_3816', '1940 Ford Delivery Sedan', 'Chrome Trim, Chrome Grille, Opening Hood, Opening Doors, Opening Trunk, Detailed Engine, Working Steering System. Color black.', 7, '1:24', 'Carousel DieCast Legends', 6621, '48.64'),
(78, 'S24_3856', '1956 Porsche 356A Coupe', 'Features include: Turnable front wheels; steering function; detailed interior; detailed engine; opening hood; opening trunk; opening doors; and detailed chassis.', 1, '1:18', 'Classic Metal Creations', 6600, '98.30'),
(79, 'S24_3949', 'Corsair F4U ( Bird Cage)', 'Has retractable wheels and comes with a stand. Official logos and insignias.', 3, '1:24', 'Second Gear Diecast', 6812, '29.34'),
(80, 'S24_3969', '1936 Mercedes Benz 500k Roadster', 'This model features grille-mounted chrome horn, lift-up louvered hood, fold-down rumble seat, working steering system and rubber wheels. Color black.', 7, '1:24', 'Red Start Diecast', 2081, '21.75'),
(81, 'S24_4048', '1992 Porsche Cayenne Turbo Silver', 'This replica features opening doors, superb detail and craftsmanship, working steering system, opening forward compartment, opening rear trunk with removable spare, 4 wheel independent spring suspension as well as factory baked enamel finish.', 1, '1:24', 'Exoto Designs', 6582, '69.78'),
(82, 'S24_4258', '1936 Chrysler Airflow', 'Features opening trunk, working steering system. Color dark green.', 7, '1:24', 'Second Gear Diecast', 4710, '57.46'),
(83, 'S24_4278', '1900s Vintage Tri-Plane', 'Hand crafted diecast-like metal Triplane is Re-created in about 1:24 scale of antique pioneer airplane. This antique style metal triplane is all hand-assembled with many different parts.', 3, '1:24', 'Unimax Art Galleries', 2756, '36.23'),
(84, 'S24_4620', '1961 Chevrolet Impala', 'This 1:18 scale precision die-cast reproduction of the 1961 Chevrolet Impala has all the features-doors, hood and trunk that open; detailed 409 cubic-inch engine; chrome dashboard and stick shift, two-tone interior; working steering system; all topped of with a factory baked-enamel finish.', 1, '1:18', 'Classic Metal Creations', 7869, '32.33'),
(85, 'S32_1268', '1980’s GM Manhattan Express', 'This 1980’s era new look Manhattan express is still active, running from the Bronx to mid-town Manhattan. Has 35 opeining windows and working lights. Needs a battery.', 6, '1:32', 'Motor City Art Classics', 5099, '53.93'),
(86, 'S32_1374', '1997 BMW F650 ST', 'Features official die-struck logos and baked enamel finish. Comes with stand.', 2, '1:32', 'Exoto Designs', 178, '66.92'),
(87, 'S32_2206', '1982 Ducati 996 R', 'Features rotating wheels , working kick stand. Comes with stand.', 2, '1:32', 'Gearbox Collectibles', 9241, '24.14'),
(88, 'S32_2509', '1954 Greyhound Scenicruiser', 'Model features bi-level seating, 50 windows, skylights & glare resistant glass, working steering system, original logos', 6, '1:32', 'Classic Metal Creations', 2874, '25.98'),
(89, 'S32_3207', '1950\'s Chicago Surface Lines Streetcar', 'This streetcar is a joy to see. It has 80 separate windows, electric wire guides, detailed interiors with seats, poles and drivers controls, rolling and turning wheel assemblies, plus authentic factory baked-enamel finishes (Green Hornet for Chicago and Cream and Crimson for Boston).', 5, '1:32', 'Gearbox Collectibles', 8601, '26.72'),
(90, 'S32_3522', '1996 Peterbilt 379 Stake Bed with Outrigger', 'This model features, opening doors, detailed engine, working steering, tinted windows, detailed interior, die-struck logos, removable stakes operating outriggers, detachable second trailer, functioning 360-degree self loader, precision molded resin trailer and trim, baked enamel finish on cab', 6, '1:32', 'Red Start Diecast', 814, '33.61'),
(91, 'S32_4289', '1928 Ford Phaeton Deluxe', 'This model features grille-mounted chrome horn, lift-up louvered hood, fold-down rumble seat, working steering system', 7, '1:32', 'Highway 66 Mini Classics', 136, '33.02'),
(92, 'S32_4485', '1974 Ducati 350 Mk3 Desmo', 'This model features two-tone paint with chrome accents, superior die-cast detail , rotating wheels , working kick stand', 2, '1:32', 'Second Gear Diecast', 3341, '56.13'),
(93, 'S50_1341', '1930 Buick Marquette Phaeton', 'Features opening trunk, working steering system', 7, '1:50', 'Studio M Art Models', 7062, '27.06'),
(94, 'S50_1392', 'Diamond T620 Semi-Skirted Tanker', 'This limited edition model is licensed and perfectly scaled for Lionel Trains. The Diamond T620 has been produced in solid precision diecast and painted with a fire baked enamel finish. It comes with a removable tanker and is a perfect model to add authenticity to your static train or car layout or to just have on display.', 6, '1:50', 'Highway 66 Mini Classics', 1016, '68.29'),
(95, 'S50_1514', '1962 City of Detroit Streetcar', 'This streetcar is a joy to see. It has 99 separate windows, electric wire guides, detailed interiors with seats, poles and drivers controls, rolling and turning wheel assemblies, plus authentic factory baked-enamel finishes (Green Hornet for Chicago and Cream and Crimson for Boston).', 5, '1:50', 'Classic Metal Creations', 1645, '37.49'),
(96, 'S50_4713', '2002 Yamaha YZR M1', 'Features rotating wheels , working kick stand. Comes with stand.', 2, '1:50', 'Autoart Studio Design', 600, '34.17'),
(97, 'S700_1138', 'The Schooner Bluenose', 'All wood with canvas sails. Measures 31 1/2 inches in Length, 22 inches High and 4 3/4 inches Wide. Many extras. The schooner Bluenose was built in Nova Scotia in 1921 to fish the rough waters off the coast of Newfoundland. Because of the Bluenose racing prowess she became the pride of all Canadians. Still featured on stamps and the Canadian dime, the Bluenose was lost off Haiti in 1946.', 4, '0.527777778', 'Autoart Studio Design', 1897, '34.00'),
(98, 'S700_1691', 'American Airlines: B767-300', 'Exact replia with official logos and insignias and retractable wheels', 3, '0.527777778', 'Min Lin Diecast', 5841, '51.15'),
(99, 'S700_1938', 'The Mayflower', 'Measures 31 1/2 inches Long x 25 1/2 inches High x 10 5/8 inches Wide All wood with canvas sail. Extras include long boats, rigging, ladders, railing, anchors, side cannons, hand painted, etc.', 4, '0.527777778', 'Studio M Art Models', 737, '43.30'),
(100, 'S700_2047', 'HMS Bounty', 'Measures 30 inches Long x 27 1/2 inches High x 4 3/4 inches Wide. Many extras including rigging, long boats, pilot house, anchors, etc. Comes with three masts, all square-rigged.', 4, '0.527777778', 'Unimax Art Galleries', 3501, '39.83'),
(101, 'S700_2466', 'America West Airlines B757-200', 'Official logos and insignias. Working steering system. Rotating jet engines', 3, '0.527777778', 'Motor City Art Classics', 9653, '68.80'),
(102, 'S700_2610', 'The USS Constitution Ship', 'All wood with canvas sails. Measures 31 1/2\" Length x 22 3/8\" High x 8 1/4\" Width. Extras include 4 boats on deck, sea sprite on bow, anchors, copper railing, pilot houses, etc.', 4, '0.527777778', 'Red Start Diecast', 7083, '33.97'),
(103, 'S700_2824', '1982 Camaro Z28', 'Features include opening and closing doors. Color: White. Measures approximately 9 1/2\" Long.', 1, '1:18', 'Carousel DieCast Legends', 6934, '46.53'),
(104, 'S700_2834', 'ATA: B757-300', 'Exact replia with official logos and insignias and retractable wheels', 3, '0.527777778', 'Highway 66 Mini Classics', 7106, '59.33'),
(105, 'S700_3167', 'F/A 18 Hornet 1/72', '10\" Wingspan with retractable landing gears.Comes with pilot', 3, '0.091666667', 'Motor City Art Classics', 551, '54.40'),
(106, 'S700_3505', 'The Titanic', 'Completed model measures 19 1/2 inches long, 9 inches high, 3inches wide and is in barn red/black. All wood and metal.', 4, '0.527777778', 'Carousel DieCast Legends', 1956, '51.09'),
(107, 'S700_3962', 'The Queen Mary', 'Exact replica. Wood and Metal. Many extras including rigging, long boats, pilot house, anchors, etc. Comes with three masts, all square-rigged.', 4, '0.527777778', 'Welly Diecast Productions', 5088, '53.63'),
(108, 'S700_4002', 'American Airlines: MD-11S', 'Polished finish. Exact replia with official logos and insignias and retractable wheels', 3, '0.527777778', 'Second Gear Diecast', 8820, '36.27'),
(109, 'S72_1253', 'Boeing X-32A JSF', '10\" Wingspan with retractable landing gears.Comes with pilot', 3, '0.091666667', 'Motor City Art Classics', 4857, '32.77'),
(110, 'S72_3212', 'Pont Yacht', 'Measures 38 inches Long x 33 3/4 inches High. Includes a stand. Many extras including rigging, long boats, pilot house, anchors, etc. Comes with 2 masts, all square-rigged', 4, '0.091666667', 'Unimax Art Galleries', 414, '33.30');

-- --------------------------------------------------------

--
-- Cấu trúc bảng cho bảng `product_lines`
--

CREATE TABLE `product_lines` (
  `id` int(10) NOT NULL,
  `product_line` varchar(50) NOT NULL,
  `description` varchar(2500) NOT NULL
) ENGINE=InnoDB DEFAULT CHARSET=utf8mb4 ROW_FORMAT=DYNAMIC;

--
-- Đang đổ dữ liệu cho bảng `product_lines`
--

INSERT INTO `product_lines` (`id`, `product_line`, `description`) VALUES
(1, 'Classic Cars', 'Attention car enthusiasts: Make your wildest car ownership dreams come true. Whether you are looking for classic muscle cars, dream sports cars or movie-inspired miniatures, you will find great choices in this category. These replicas feature superb attention to detail and craftsmanship and offer features such as working steering system, opening forward compartment, opening rear trunk with removable spare wheel, 4-wheel independent spring suspension, and so on. The models range in size from 1:10 to 1:24 scale and include numerous limited edition and several out-of-production vehicles. All models include a certificate of authenticity from their manufacturers and come fully assembled and ready for display in the home or office.'),
(2, 'Motorcycles', 'Our motorcycles are state of the art replicas of classic as well as contemporary motorcycle legends such as Harley Davidson, Ducati and Vespa. Models contain stunning details such as official logos, rotating wheels, working kickstand, front suspension, gear-shift lever, footbrake lever, and drive chain. Materials used include diecast and plastic. The models range in size from 1:10 to 1:50 scale and include numerous limited edition and several out-of-production vehicles. All models come fully assembled and ready for display in the home or office. Most include a certificate of authenticity.'),
(3, 'Planes', 'Unique, diecast airplane and helicopter replicas suitable for collections, as well as home, office or classroom decorations. Models contain stunning details such as official logos and insignias, rotating jet engines and propellers, retractable wheels, and so on. Most come fully assembled and with a certificate of authenticity from their manufacturers.'),
(4, 'Ships', 'The perfect holiday or anniversary gift for executives, clients, friends, and family. These handcrafted model ships are unique, stunning works of art that will be treasured for generations! They come fully assembled and ready for display in the home or office. We guarantee the highest quality, and best value.'),
(5, 'Trains', 'Model trains are a rewarding hobby for enthusiasts of all ages. Whether you\'re looking for collectible wooden trains, electric streetcars or locomotives, you\'ll find a number of great choices for any budget within this category. The interactive aspect of trains makes toy trains perfect for young children. The wooden train sets are ideal for children under the age of 5.'),
(6, 'Trucks and Buses', 'The Truck and Bus models are realistic replicas of buses and specialized trucks produced from the early 1920s to present. The models range in size from 1:12 to 1:50 scale and include numerous limited edition and several out-of-production vehicles. Materials used include tin, diecast and plastic. All models include a certificate of authenticity from their manufacturers and are a perfect ornament for the home and office.'),
(7, 'Vintage Cars', 'Our Vintage Car models realistically portray automobiles produced from the early 1900s through the 1940s. Materials used include Bakelite, diecast, plastic and wood. Most of the replicas are in the 1:18 and 1:24 scale sizes, which provide the optimum in detail and accuracy. Prices range from $30.00 up to $180.00 for some special limited edition replicas. All models include a certificate of authenticity from their manufacturers and come fully assembled and ready for display in the home or office.'),
(10, 'Classic Cars11', 'Attention car enthusiasts: Make your wildest car ownership dreams come true. Whether you are looking for classic muscle cars, dream sports cars or movie-inspired miniatures, you will find great choices in this category. These replicas feature superb attention to detail and craftsmanship and offer features such as working steering system, opening forward compartment, opening rear trunk with removable spare wheel, 4-wheel independent spring suspension, and so on. The models range in size from 1:10 to 1:24 scale and include numerous limited edition and several out-of-production vehicles. All models include a certificate of authenticity from their manufacturers and come fully assembled and ready for display in the home or office.'),
(12, 'Classic C22', 'Attention car enthusiasts: Make your wildest car ownership dreams come true. Whether you are looking for classic muscle cars, dream sports cars or movie-inspired miniatures, you will find great choices in this category. These replicas feature superb attention to detail and craftsmanship and offer features such as working steering system, opening forward compartment, opening rear trunk with removable spare wheel, 4-wheel independent spring suspension, and so on. The models range in size from 1:10 to 1:24 scale and include numerous limited edition and several out-of-production vehicles. All models include a certificate of authenticity from their manufacturers and come fully assembled and ready for display in the home or office.');

--
-- Chỉ mục cho các bảng đã đổ
--

--
-- Chỉ mục cho bảng `customers`
--
ALTER TABLE `customers`
  ADD PRIMARY KEY (`id`) USING BTREE;

--
-- Chỉ mục cho bảng `employees`
--
ALTER TABLE `employees`
  ADD PRIMARY KEY (`id`) USING BTREE,
  ADD UNIQUE KEY `uk_email_employee` (`email`) USING BTREE COMMENT 'email phai duy nhat';

--
-- Chỉ mục cho bảng `offices`
--
ALTER TABLE `offices`
  ADD PRIMARY KEY (`id`) USING BTREE;

--
-- Chỉ mục cho bảng `orders`
--
ALTER TABLE `orders`
  ADD PRIMARY KEY (`id`) USING BTREE,
  ADD KEY `fk_orders_customers` (`customer_id`) USING BTREE;

--
-- Chỉ mục cho bảng `order_details`
--
ALTER TABLE `order_details`
  ADD PRIMARY KEY (`id`) USING BTREE,
  ADD KEY `order_details_orders` (`order_id`) USING BTREE,
  ADD KEY `fk_order_details_product` (`product_id`) USING BTREE;

--
-- Chỉ mục cho bảng `payments`
--
ALTER TABLE `payments`
  ADD PRIMARY KEY (`id`) USING BTREE,
  ADD KEY `fk_payments_ibfk_1` (`customer_id`) USING BTREE;

--
-- Chỉ mục cho bảng `products`
--
ALTER TABLE `products`
  ADD PRIMARY KEY (`id`) USING BTREE,
  ADD UNIQUE KEY `uk_product_code` (`product_code`) USING BTREE,
  ADD KEY `product_line_id` (`product_line_id`) USING BTREE;

--
-- Chỉ mục cho bảng `product_lines`
--
ALTER TABLE `product_lines`
  ADD PRIMARY KEY (`id`) USING BTREE;

--
-- AUTO_INCREMENT cho các bảng đã đổ
--

--
-- AUTO_INCREMENT cho bảng `customers`
--
ALTER TABLE `customers`
  MODIFY `id` int(10) NOT NULL AUTO_INCREMENT, AUTO_INCREMENT=497;

--
-- AUTO_INCREMENT cho bảng `employees`
--
ALTER TABLE `employees`
  MODIFY `id` int(10) NOT NULL AUTO_INCREMENT, AUTO_INCREMENT=1703;

--
-- AUTO_INCREMENT cho bảng `offices`
--
ALTER TABLE `offices`
  MODIFY `id` int(10) NOT NULL AUTO_INCREMENT, AUTO_INCREMENT=9;

--
-- AUTO_INCREMENT cho bảng `orders`
--
ALTER TABLE `orders`
  MODIFY `id` int(10) NOT NULL AUTO_INCREMENT, AUTO_INCREMENT=10427;

--
-- AUTO_INCREMENT cho bảng `order_details`
--
ALTER TABLE `order_details`
  MODIFY `id` int(10) NOT NULL AUTO_INCREMENT, AUTO_INCREMENT=2996;

--
-- AUTO_INCREMENT cho bảng `payments`
--
ALTER TABLE `payments`
  MODIFY `id` int(10) NOT NULL AUTO_INCREMENT, AUTO_INCREMENT=276;

--
-- AUTO_INCREMENT cho bảng `products`
--
ALTER TABLE `products`
  MODIFY `id` int(10) NOT NULL AUTO_INCREMENT, AUTO_INCREMENT=112;

--
-- AUTO_INCREMENT cho bảng `product_lines`
--
ALTER TABLE `product_lines`
  MODIFY `id` int(10) NOT NULL AUTO_INCREMENT, AUTO_INCREMENT=14;

--
-- Các ràng buộc cho các bảng đã đổ
--

--
-- Các ràng buộc cho bảng `orders`
--
ALTER TABLE `orders`
  ADD CONSTRAINT `fk_orders_customers` FOREIGN KEY (`customer_id`) REFERENCES `customers` (`id`);

--
-- Các ràng buộc cho bảng `order_details`
--
ALTER TABLE `order_details`
  ADD CONSTRAINT `fk_order_details_product` FOREIGN KEY (`product_id`) REFERENCES `products` (`id`),
  ADD CONSTRAINT `order_details_orders` FOREIGN KEY (`order_id`) REFERENCES `orders` (`id`);

--
-- Các ràng buộc cho bảng `payments`
--
ALTER TABLE `payments`
  ADD CONSTRAINT `fk_payments_ibfk_1` FOREIGN KEY (`customer_id`) REFERENCES `customers` (`id`);

--
-- Các ràng buộc cho bảng `products`
--
ALTER TABLE `products`
  ADD CONSTRAINT `products_ibfk_1` FOREIGN KEY (`product_line_id`) REFERENCES `product_lines` (`id`);
COMMIT;

/*!40101 SET CHARACTER_SET_CLIENT=@OLD_CHARACTER_SET_CLIENT */;
/*!40101 SET CHARACTER_SET_RESULTS=@OLD_CHARACTER_SET_RESULTS */;
/*!40101 SET COLLATION_CONNECTION=@OLD_COLLATION_CONNECTION */;
